"year","proc_measure","uid"
2009,"b01","2.01.001.00"
2009,"b02","2.01.002.00"
2009,"b03","2.01.003.00"
2009,"b04","2.01.004.00"
2009,"b05","2.01.005.00"
2009,"b06","2.02.002.00"
2009,"b07","2.02.001.00"
2009,"b08","2.02.003.00"
2009,"b09","2.03.001.00"
2009,"b10","2.03.004.00"
2009,"b11","2.03.005.00"
2009,"b12","2.03.006.00"
2009,"b13","2.03.007.00"
2009,"b14","2.03.008.00"
2009,"b15","2.03.009.00"
2009,"b16","2.03.010.00"
2009,"b17","2.03.011.00"
2009,"b18","2.03.013.00"
2009,"b19","2.04.001.00"
2009,"b20","2.04.002.00"
2009,"b21","2.04.003.00"
2009,"b22","2.05.001.00"
2009,"b23","2.05.002.00"
2009,"b24","2.05.003.00"
2009,"b25","2.05.004.00"
2009,"b26","2.06.001.00"
2009,"b27","2.06.002.00"
2009,"b28","2.06.003.00"
2009,"b29","2.06.004.00"
2009,"b30","2.07.003.00"
2009,"b31","2.07.001.00"
2009,"b32","2.07.002.00"
2009,"b33","2.07.004.00"
2009,"b34","2.07.005.00"
2009,"b35","2.07.006.00"
2009,"b36","2.07.007.00"
2009,"b37","2.08.001.00"
2009,"b38","2.08.002.00"
2009,"b39","2.08.003.00"
2009,"b40","2.09.004.00"
2009,"b41","2.09.001.00"
2009,"b42","2.09.002.00"
2009,"b43","2.09.003.00"
2009,"b44","2.09.005.00"
2009,"b45","2.09.006.00"
2009,"b46","2.09.007.00"
2009,"b47","2.09.008.00"
2009,"b48","2.09.009.00"
2009,"b49","2.09.010.00"
2009,"b50","2.10.001.00"
2009,"b51","2.10.002.00"
2009,"b52","2.10.003.00"
2009,"b53","2.10.004.00"
2009,"b54","2.10.005.00"
2009,"b55","2.11.001.00"
2009,"b56","2.11.002.00"
2009,"d01","5.01.001.00"
2009,"d02","5.01.002.00"
2009,"d03","5.01.003.00"
2009,"e01","6.01.001.00"
2009,"e03","6.02.001.00"
2010,"b01","2.01.001.00"
2010,"b02","2.01.002.00"
2010,"b03","2.01.003.00"
2010,"b04","2.01.004.00"
2010,"b05","2.01.005.00"
2010,"b06","2.02.002.00"
2010,"b07","2.02.001.00"
2010,"b08","2.02.003.00"
2010,"b09","2.03.001.00"
2010,"b10","2.03.004.00"
2010,"b11","2.03.005.00"
2010,"b12","2.03.006.00"
2010,"b13","2.03.007.00"
2010,"b14","2.03.008.00"
2010,"b15","2.03.009.00"
2010,"b16","2.03.010.00"
2010,"b17","2.03.011.00"
2010,"b18","2.03.013.00"
2010,"b19","2.04.001.00"
2010,"b20","2.04.002.00"
2010,"b21","2.04.003.00"
2010,"b22","2.05.001.00"
2010,"b23","2.05.002.00"
2010,"b24","2.05.003.00"
2010,"b25","2.05.004.00"
2010,"b26","2.06.001.00"
2010,"b27","2.06.002.00"
2010,"b28","2.06.003.00"
2010,"b29","2.06.004.00"
2010,"b30","2.07.003.00"
2010,"b31","2.07.001.00"
2010,"b32","2.07.002.00"
2010,"b33","2.07.004.00"
2010,"b34","2.07.005.00"
2010,"b35","2.07.006.00"
2010,"b36","2.07.007.00"
2010,"b37","2.08.001.00"
2010,"b38","2.08.002.00"
2010,"b39","2.08.003.00"
2010,"b40","2.09.004.00"
2010,"b41","2.09.001.00"
2010,"b42","2.09.002.00"
2010,"b43","2.09.003.00"
2010,"b44","2.09.005.00"
2010,"b45","2.09.006.00"
2010,"b46","2.09.007.00"
2010,"b47","2.09.008.00"
2010,"b48","2.09.009.00"
2010,"b49","2.09.010.00"
2010,"b50","2.10.001.00"
2010,"b51","2.10.002.00"
2010,"b52","2.10.003.00"
2010,"b53","2.10.004.00"
2010,"b54","2.10.005.00"
2010,"b55","2.11.001.00"
2010,"b56","2.11.002.00"
2010,"c01","3.05.001.00"
2010,"c02","3.05.002.00"
2010,"e01","5.01.001.00"
2010,"e02","5.01.002.00"
2010,"e03","5.01.003.00"
2011,"b01","2.01.001.00"
2011,"b02","2.01.002.00"
2011,"b03","2.01.003.00"
2011,"b04","2.01.004.00"
2011,"b05","2.01.005.00"
2011,"b06","2.02.002.00"
2011,"b07","2.02.001.00"
2011,"b08","2.02.003.00"
2011,"b09","2.03.001.00"
2011,"b10","2.03.004.00"
2011,"b11","2.03.005.00"
2011,"b12","2.03.006.00"
2011,"b13","2.03.007.00"
2011,"b14","2.03.008.00"
2011,"b15","2.03.009.00"
2011,"b16","2.03.010.00"
2011,"b17","2.03.011.00"
2011,"b18","2.03.013.00"
2011,"b19","2.04.001.00"
2011,"b20","2.04.002.00"
2011,"b21","2.04.003.00"
2011,"b22","2.05.001.00"
2011,"b23","2.05.002.00"
2011,"b24","2.05.003.00"
2011,"b25","2.05.004.00"
2011,"b26","2.06.001.00"
2011,"b27","2.06.002.00"
2011,"b28","2.06.003.00"
2011,"b29","2.06.004.00"
2011,"b30","2.07.003.00"
2011,"b31","2.07.001.00"
2011,"b32","2.07.002.00"
2011,"b33","2.07.004.00"
2011,"b34","2.07.005.00"
2011,"b35","2.07.006.00"
2011,"b36","2.07.007.00"
2011,"b37","2.08.001.00"
2011,"b38","2.08.002.00"
2011,"b39","2.08.003.00"
2011,"b40","2.09.004.00"
2011,"b41","2.09.001.00"
2011,"b42","2.09.002.00"
2011,"b43","2.09.003.00"
2011,"b44","2.09.005.00"
2011,"b45","2.09.006.00"
2011,"b46","2.09.007.00"
2011,"b47","2.09.008.00"
2011,"b48","2.09.009.00"
2011,"b49","2.09.010.00"
2011,"b50","2.10.001.00"
2011,"b51","2.10.002.00"
2011,"b52","2.10.003.00"
2011,"b53","2.10.004.00"
2011,"b54","2.10.005.00"
2011,"b55","2.11.001.00"
2011,"b56","2.11.002.00"
2011,"b57","2.11.003.00"
2011,"d01","5.01.001.00"
2011,"d02","5.01.002.00"
2011,"d03","5.01.003.00"
2011,"e01","6.01.001.00"
2011,"e03","6.02.001.00"
2012,"b01","2.01.001.00"
2012,"b02","2.01.002.00"
2012,"b03","2.01.003.00"
2012,"b04","2.01.004.00"
2012,"b05","2.01.005.00"
2012,"b06","2.02.002.00"
2012,"b07","2.02.001.00"
2012,"b08","2.02.003.00"
2012,"b09","2.03.001.00"
2012,"b10","2.03.004.00"
2012,"b11","2.03.005.00"
2012,"b12","2.03.006.00"
2012,"b13","2.03.007.00"
2012,"b14","2.03.008.00"
2012,"b15","2.03.009.00"
2012,"b16","2.03.010.00"
2012,"b17","2.03.011.00"
2012,"b18","2.03.013.00"
2012,"b19","2.04.001.00"
2012,"b20","2.04.002.00"
2012,"b21","2.04.003.00"
2012,"b22","2.05.001.00"
2012,"b23","2.05.002.00"
2012,"b24","2.05.003.00"
2012,"b25","2.05.004.00"
2012,"b26","2.06.001.00"
2012,"b27","2.06.002.00"
2012,"b28","2.06.003.00"
2012,"b29","2.06.004.00"
2012,"b30","2.07.003.00"
2012,"b31","2.07.001.00"
2012,"b32","2.07.002.00"
2012,"b33","2.07.004.00"
2012,"b34","2.07.005.00"
2012,"b35","2.07.006.00"
2012,"b36","2.07.007.00"
2012,"b37","2.08.001.00"
2012,"b38","2.08.002.00"
2012,"b39","2.08.003.00"
2012,"b40","2.09.004.00"
2012,"b41","2.09.001.00"
2012,"b42","2.09.002.00"
2012,"b43","2.09.003.00"
2012,"b44","2.09.005.00"
2012,"b45","2.09.006.00"
2012,"b46","2.09.007.00"
2012,"b47","2.09.008.00"
2012,"b48","2.09.009.00"
2012,"b49","2.09.010.00"
2012,"b50","2.10.001.00"
2012,"b51","2.10.002.00"
2012,"b52","2.10.003.00"
2012,"b53","2.10.004.00"
2012,"b54","2.10.005.00"
2012,"b55","2.11.001.00"
2012,"b56","2.11.002.00"
2012,"b57","2.11.003.00"
2012,"d01","5.01.001.00"
2012,"d02","5.01.002.00"
2012,"d03","5.01.003.00"
2012,"e01","6.01.001.00"
2012,"e03","6.02.001.00"
2012,"w01","7.02.001.00"
2012,"w02","7.02.002.00"
2012,"w03","7.02.003.00"
2012,"w04","7.02.004.00"
2013,"b01","2.01.001.00"
2013,"b02","2.01.002.00"
2013,"b03","2.01.003.00"
2013,"b04","2.01.004.00"
2013,"b05","2.01.005.00"
2013,"b06","2.02.002.00"
2013,"b07","2.02.001.00"
2013,"b08","2.02.003.00"
2013,"b09","2.03.001.00"
2013,"b10","2.03.004.00"
2013,"b11","2.03.005.00"
2013,"b12","2.03.006.00"
2013,"b13","2.03.007.00"
2013,"b14","2.03.008.00"
2013,"b15","2.03.009.00"
2013,"b16","2.03.010.00"
2013,"b17","2.03.011.00"
2013,"b18","2.03.013.00"
2013,"b19","2.04.001.00"
2013,"b20","2.04.002.00"
2013,"b21","2.04.003.00"
2013,"b22","2.05.001.00"
2013,"b23","2.05.002.00"
2013,"b24","2.05.003.00"
2013,"b25","2.05.004.00"
2013,"b26","2.06.001.00"
2013,"b27","2.06.002.00"
2013,"b28","2.06.003.00"
2013,"b29","2.06.004.00"
2013,"b30","2.07.003.00"
2013,"b31","2.07.001.00"
2013,"b32","2.07.002.00"
2013,"b33","2.07.004.00"
2013,"b34","2.07.005.00"
2013,"b35","2.07.006.00"
2013,"b36","2.07.007.00"
2013,"b37","2.08.001.00"
2013,"b38","2.08.002.00"
2013,"b39","2.08.003.00"
2013,"b40","2.09.004.00"
2013,"b41","2.09.001.00"
2013,"b42","2.09.002.00"
2013,"b43","2.09.003.00"
2013,"b44","2.09.005.00"
2013,"b45","2.09.006.00"
2013,"b46","2.09.007.00"
2013,"b47","2.09.008.00"
2013,"b48","2.09.009.00"
2013,"b49","2.09.010.00"
2013,"b50","2.10.001.00"
2013,"b51","2.10.002.00"
2013,"b52","2.10.003.00"
2013,"b53","2.10.004.00"
2013,"b54","2.10.005.00"
2013,"b55","2.11.001.00"
2013,"b56","2.11.002.00"
2013,"b57","2.11.003.00"
2013,"b58","3.01.001.00"
2013,"b59","3.01.002.00"
2013,"b60","3.01.003.00"
2013,"b61","3.01.004.00"
2013,"b62","3.01.005.00"
2013,"d01","5.01.001.00"
2013,"d02","5.01.002.00"
2013,"d03","5.01.003.00"
2013,"w01","7.02.001.00"
2013,"w02","7.02.002.00"
2013,"w03","7.02.003.00"
2013,"w04","7.02.004.00"
2013,"e01","6.01.001.00"
2013,"e03","6.02.001.00"
2014,"b01","2.01.001.00"
2014,"b02","2.01.002.00"
2014,"b03","2.01.003.00"
2014,"b04","2.01.004.00"
2014,"b05","2.01.005.00"
2014,"b06","2.02.002.00"
2014,"b07","2.02.001.00"
2014,"b08","2.02.003.00"
2014,"b09","2.03.001.00"
2014,"b10","2.03.004.00"
2014,"b11","2.03.005.00"
2014,"b12","2.03.006.00"
2014,"b13","2.03.007.00"
2014,"b14","2.03.008.00"
2014,"b15","2.03.009.00"
2014,"b16","2.03.010.00"
2014,"b17","2.03.011.00"
2014,"b18","2.03.013.00"
2014,"b19","2.04.001.00"
2014,"b20","2.04.002.00"
2014,"b21","2.04.003.00"
2014,"b22","2.05.001.00"
2014,"b23","2.05.002.00"
2014,"b24","2.05.003.00"
2014,"b25","2.05.004.00"
2014,"b26","2.06.001.00"
2014,"b27","2.06.002.00"
2014,"b28","2.06.003.00"
2014,"b29","2.06.004.00"
2014,"b30","2.07.003.00"
2014,"b31","2.07.001.00"
2014,"b32","2.07.002.00"
2014,"b33","2.07.004.00"
2014,"b34","2.07.005.00"
2014,"b35","2.07.006.00"
2014,"b36","2.07.007.00"
2014,"b37","2.08.001.00"
2014,"b38","2.08.002.00"
2014,"b39","2.08.003.00"
2014,"b40","2.09.004.00"
2014,"b41","2.09.001.00"
2014,"b42","2.09.002.00"
2014,"b43","2.09.003.00"
2014,"b44","2.09.005.00"
2014,"b45","2.09.006.00"
2014,"b46","2.09.007.00"
2014,"b47","2.09.008.00"
2014,"b48","2.09.009.00"
2014,"b49","2.09.010.00"
2014,"b50","2.10.001.00"
2014,"b51","2.10.002.00"
2014,"b52","2.10.003.00"
2014,"b53","2.10.004.00"
2014,"b54","2.10.005.00"
2014,"b55","2.11.001.00"
2014,"b56","2.11.002.00"
2014,"b57","2.11.003.00"
2014,"b58","3.01.001.00"
2014,"b59","3.01.002.00"
2014,"b60","3.01.003.00"
2014,"b61","3.01.004.00"
2014,"b62","3.01.005.00"
2014,"d01","5.01.001.00"
2014,"d02","5.01.002.00"
2014,"d03","5.01.003.00"
2014,"e01","6.01.001.00"
2014,"e03","6.02.001.00"
2014,"w01","7.02.001.00"
2014,"w02","7.02.002.00"
2014,"w03","7.02.003.00"
2014,"w04","7.02.004.00"
2015,"b01","2.01.001.00"
2015,"b02","2.01.002.00"
2015,"b03","2.01.003.00"
2015,"b04","2.01.004.00"
2015,"b05","2.01.005.00"
2015,"b06","2.02.002.00"
2015,"b07","2.02.001.00"
2015,"b08","2.02.003.00"
2015,"b09","2.03.001.00"
2015,"b10","2.03.004.00"
2015,"b11","2.03.005.00"
2015,"b12","2.03.006.00"
2015,"b13","2.03.007.00"
2015,"b14","2.03.008.00"
2015,"b15","2.03.009.00"
2015,"b16","2.03.010.00"
2015,"b17","2.03.011.00"
2015,"b18","2.03.013.00"
2015,"b19","2.04.001.00"
2015,"b20","2.04.002.00"
2015,"b21","2.04.003.00"
2015,"b22","2.05.001.00"
2015,"b23","2.05.002.00"
2015,"b24","2.05.003.00"
2015,"b25","2.05.004.00"
2015,"b26","2.06.001.00"
2015,"b27","2.06.002.00"
2015,"b28","2.06.003.00"
2015,"b29","2.06.004.00"
2015,"b30","2.07.003.00"
2015,"b31","2.07.001.00"
2015,"b32","2.07.002.00"
2015,"b33","2.07.004.00"
2015,"b34","2.07.005.00"
2015,"b35","2.07.006.00"
2015,"b36","2.07.007.00"
2015,"b37","2.08.001.00"
2015,"b38","2.08.002.00"
2015,"b39","2.08.003.00"
2015,"b40","2.09.004.00"
2015,"b41","2.09.001.00"
2015,"b42","2.09.002.00"
2015,"b43","2.09.003.00"
2015,"b44","2.09.005.00"
2015,"b45","2.09.006.00"
2015,"b46","2.09.007.00"
2015,"b47","2.09.008.00"
2015,"b48","2.09.009.00"
2015,"b49","2.09.010.00"
2015,"b50","2.10.001.00"
2015,"b51","2.10.002.00"
2015,"b52","2.10.003.00"
2015,"b53","2.10.004.00"
2015,"b54","2.10.005.00"
2015,"b55","2.11.001.00"
2015,"b56","2.11.002.00"
2015,"b57","2.11.003.00"
2015,"b58","3.01.001.00"
2015,"b59","3.01.002.00"
2015,"b60","3.01.003.00"
2015,"b61","3.01.004.00"
2015,"b62","3.01.005.00"
2015,"b63","3.02.001.00"
2015,"b64","3.02.002.00"
2015,"b65","3.02.003.00"
2015,"b66","3.02.004.00"
2015,"b67","3.02.005.00"
2015,"b68","3.02.006.00"
2015,"b69","3.02.007.00"
2015,"b70","3.02.008.00"
2015,"d01","5.01.001.00"
2015,"d02","5.01.002.00"
2015,"d03","5.01.003.00"
2015,"e01","6.01.001.00"
2015,"e03","6.02.001.00"
2015,"w01","7.02.001.00"
2015,"w02","7.02.002.00"
2015,"w03","7.02.003.00"
2015,"w04","7.02.004.00"
2016,"ees","1.01.001.00"
2016,"mw_ts","1.02.001.00"
2016,"op_ts","1.02.002.00"
2016,"lm_ts","1.02.003.00"
2016,"mt_ts","1.02.004.00"
2016,"ld_ts","1.02.005.00"
2016,"if_ts","1.02.006.00"
2016,"rw_ts","1.02.007.00"
2016,"pb_ts","1.02.008.00"
2016,"lc_ts","1.02.009.00"
2016,"b01","2.01.001.00"
2016,"b02","2.01.002.00"
2016,"b03","2.01.003.00"
2016,"b04","2.01.004.00"
2016,"b05","2.01.005.00"
2016,"b06","2.02.002.00"
2016,"b07","2.02.001.00"
2016,"b08","2.02.003.00"
2016,"b09","2.03.001.00"
2016,"b10","2.03.004.00"
2016,"b11","2.03.005.00"
2016,"b12","2.03.006.00"
2016,"b13","2.03.007.00"
2016,"b14","2.03.008.00"
2016,"b15","2.03.009.00"
2016,"b16","2.03.010.00"
2016,"b17","2.03.011.00"
2016,"b18","2.03.013.00"
2016,"b19","2.04.001.00"
2016,"b20","2.04.002.00"
2016,"b21","2.04.003.00"
2016,"b22","2.05.001.00"
2016,"b23","2.05.002.00"
2016,"b24","2.05.003.00"
2016,"b25","2.05.004.00"
2016,"b26","2.06.001.00"
2016,"b27","2.06.002.00"
2016,"b28","2.06.003.00"
2016,"b29","2.06.004.00"
2016,"b30","2.07.003.00"
2016,"b31","2.07.001.00"
2016,"b32","2.07.002.00"
2016,"b33","2.07.004.00"
2016,"b34","2.07.005.00"
2016,"b35","2.07.006.00"
2016,"b36","2.07.007.00"
2016,"b37","2.08.001.00"
2016,"b38","2.08.002.00"
2016,"b39","2.08.003.00"
2016,"b40","2.09.004.00"
2016,"b41","2.09.001.00"
2016,"b42","2.09.002.00"
2016,"b43","2.09.003.00"
2016,"b44","2.09.005.00"
2016,"b45","2.09.006.00"
2016,"b46","2.09.007.00"
2016,"b47","2.09.008.00"
2016,"b48","2.09.009.00"
2016,"b49","2.09.010.00"
2016,"b50","2.10.001.00"
2016,"b51","2.10.002.00"
2016,"b52","2.10.003.00"
2016,"b53","2.10.004.00"
2016,"b54","2.10.005.00"
2016,"b55","2.11.001.00"
2016,"b56","2.11.002.00"
2016,"b57","2.11.003.00"
2016,"b58","3.01.001.00"
2016,"b59","3.01.002.00"
2016,"b60","3.01.004.00"
2016,"b61","3.01.005.00"
2016,"b62","3.02.007.00"
2016,"b63","3.02.008.00"
2016,"d01","5.01.001.00"
2016,"d02","5.01.002.00"
2016,"d03","5.01.003.00"
2016,"e01","6.01.001.00"
2016,"e03","6.02.001.00"
2016,"e05","6.02.004.00"
2016,"e06","6.04.001.00"
2016,"w01","7.02.001.00"
2016,"w02","7.02.002.00"
2016,"w03","7.02.003.00"
2016,"w04","7.02.004.00"
2017,"ees","1.01.001.00"
2017,"mw_ts","1.02.001.00"
2017,"op_ts","1.02.002.00"
2017,"lm_ts","1.02.003.00"
2017,"mt_ts","1.02.004.00"
2017,"ld_ts","1.02.005.00"
2017,"if_ts","1.02.006.00"
2017,"rw_ts","1.02.007.00"
2017,"pb_ts","1.02.008.00"
2017,"lc_ts","1.02.009.00"
2017,"b01","2.01.001.00"
2017,"b02","2.01.002.00"
2017,"b03","2.01.003.00"
2017,"b04","2.01.004.00"
2017,"b05","2.01.005.00"
2017,"b06","2.02.001.00"
2017,"b07","2.02.003.00"
2017,"b08","2.03.001.00"
2017,"b09","2.03.004.00"
2017,"b10","2.03.005.00"
2017,"b11","2.03.006.00"
2017,"b12","2.03.007.00"
2017,"b13","2.03.008.00"
2017,"b14","2.03.009.00"
2017,"b15","2.03.010.00"
2017,"b16","2.03.011.00"
2017,"b17","2.03.013.00"
2017,"b18","2.04.001.00"
2017,"b19","2.04.002.00"
2017,"b20","2.04.003.00"
2017,"b21","2.05.001.00"
2017,"b22","2.05.002.00"
2017,"b23","2.05.003.00"
2017,"b24","2.05.004.00"
2017,"b25","2.06.001.00"
2017,"b26","2.06.002.00"
2017,"b27","2.06.003.00"
2017,"b28","2.06.004.00"
2017,"b29","2.07.001.00"
2017,"b30","2.07.002.00"
2017,"b31","2.07.004.00"
2017,"b32","2.07.005.00"
2017,"b33","2.07.006.00"
2017,"b34","2.07.007.00"
2017,"b35","2.08.001.00"
2017,"b36","2.08.002.00"
2017,"b37","2.08.003.00"
2017,"b38","2.09.001.00"
2017,"b39","2.09.002.00"
2017,"b40","2.09.003.00"
2017,"b41","2.09.005.00"
2017,"b42","2.09.006.00"
2017,"b43","2.09.007.00"
2017,"b44","2.09.008.00"
2017,"b45","2.09.009.00"
2017,"b46","2.09.010.00"
2017,"b47","2.10.001.00"
2017,"b48","2.10.002.00"
2017,"b49","2.10.003.00"
2017,"b50","2.10.004.00"
2017,"b51","2.10.005.00"
2017,"b52","2.11.001.00"
2017,"b53","2.11.003.00"
2017,"b54","3.01.001.00"
2017,"b55","3.01.002.00"
2017,"b56","3.01.006.00"
2017,"b57","3.01.007.00"
2017,"b58","3.01.008.00"
2017,"b59","3.02.007.00"
2017,"b60","3.02.008.00"
2017,"b61","3.03.001.00"
2017,"b62","3.03.002.00"
2017,"c01_1","4.01.001.01"
2017,"c01_2","4.01.001.02"
2017,"c01_3","4.01.001.03"
2017,"c01_4","4.01.001.04"
2017,"d01","5.01.001.00"
2017,"d02","5.01.002.00"
2017,"d03","5.01.003.00"
2017,"e01","6.01.001.00"
2017,"e02_1","6.01.002.01"
2017,"e02_2","6.01.002.02"
2017,"e02_3","6.01.002.03"
2017,"e02_4","6.01.002.04"
2017,"e02_5","6.01.002.05"
2017,"e02_6","6.01.002.06"
2017,"e02_7","6.01.002.07"
2017,"e02_8","6.01.002.08"
2017,"e02_9","6.01.002.13"
2017,"e02_10","6.01.002.15"
2017,"e02_11","6.01.002.16"
2017,"e02_12","6.01.002.17"
2017,"e02_13","6.01.002.18"
2017,"e02_14","6.01.002.98"
2017,"e02_15","6.01.002.99"
2017,"e03","6.02.001.00"
2017,"e04_1","6.02.003.02"
2017,"e04_2","6.02.003.04"
2017,"e04_3","6.02.003.05"
2017,"e04_4","6.02.003.07"
2017,"e04_5","6.02.003.03"
2017,"e04_6","6.02.003.12"
2017,"e04_7","6.02.003.98"
2017,"e04_8","6.02.003.99"
2017,"e05","6.02.004.00"
2017,"e06","6.04.001.00"
2017,"w01","7.02.001.00"
2017,"w02","7.02.002.00"
2017,"w03","7.02.003.00"
2017,"w04","7.02.004.00"
2018,"ees","1.01.001.00"
2018,"mw_ts","1.02.001.00"
2018,"op_ts","1.02.002.00"
2018,"lm_ts","1.02.003.00"
2018,"mt_ts","1.02.004.00"
2018,"ld_ts","1.02.005.00"
2018,"if_ts","1.02.006.00"
2018,"rw_ts","1.02.007.00"
2018,"pb_ts","1.02.008.00"
2018,"lc_ts","1.02.009.00"
2018,"b01","2.01.001.00"
2018,"b02","2.01.002.00"
2018,"b03","2.01.003.00"
2018,"b04","2.01.004.00"
2018,"b05","2.01.005.00"
2018,"b06","2.02.001.00"
2018,"b07","2.02.003.00"
2018,"b08","2.03.001.00"
2018,"b09","2.03.004.00"
2018,"b10","2.03.005.00"
2018,"b11","2.03.006.00"
2018,"b12","2.03.007.00"
2018,"b13","2.03.008.00"
2018,"b14","2.03.009.00"
2018,"b15","2.03.010.00"
2018,"b16","2.03.011.00"
2018,"b17","2.03.013.00"
2018,"b18","2.04.001.00"
2018,"b19","2.04.002.00"
2018,"b20","2.04.003.00"
2018,"b21","2.05.001.00"
2018,"b22","2.05.002.00"
2018,"b23","2.05.003.00"
2018,"b24","2.05.004.00"
2018,"b25","2.06.001.00"
2018,"b26","2.06.002.00"
2018,"b27","2.06.003.00"
2018,"b28","2.06.004.00"
2018,"b29","2.07.001.00"
2018,"b30","2.07.002.00"
2018,"b31","2.07.004.00"
2018,"b32","2.07.005.00"
2018,"b33","2.07.006.00"
2018,"b34","2.07.007.00"
2018,"b35","2.08.001.00"
2018,"b36","2.08.002.00"
2018,"b37","2.08.003.00"
2018,"b38","2.09.001.00"
2018,"b39","2.09.002.00"
2018,"b40","2.09.003.00"
2018,"b41","2.09.005.00"
2018,"b42","2.09.006.00"
2018,"b43","2.09.007.00"
2018,"b44","2.09.008.00"
2018,"b45","2.09.009.00"
2018,"b46","2.09.010.00"
2018,"b47","2.10.001.00"
2018,"b48","2.10.002.00"
2018,"b49","2.10.003.00"
2018,"b50","2.10.004.00"
2018,"b51","2.10.005.00"
2018,"b52","2.11.001.00"
2018,"b53","2.11.003.00"
2018,"b54","3.01.001.00"
2018,"b55","3.01.002.00"
2018,"b56","3.01.006.00"
2018,"b57","3.01.007.00"
2018,"b58","3.01.008.00"
2018,"b59","3.02.007.00"
2018,"b60","3.02.008.00"
2018,"b61","3.03.001.00"
2018,"b62","3.03.002.00"
2018,"c01_1","4.01.001.01"
2018,"c01_2","4.01.001.02"
2018,"c01_3","4.01.001.03"
2018,"c01_4","4.01.001.04"
2018,"d01","5.01.001.00"
2018,"d02","5.01.002.00"
2018,"d03","5.01.003.00"
2018,"e01","6.01.001.00"
2018,"e02_1","6.01.002.01"
2018,"e02_2","6.01.002.02"
2018,"e02_3","6.01.002.03"
2018,"e02_4","6.01.002.04"
2018,"e02_5","6.01.002.05"
2018,"e02_6","6.01.002.06"
2018,"e02_7","6.01.002.07"
2018,"e02_8","6.01.002.08"
2018,"e02_9","6.01.002.09"
2018,"e02_10","6.01.002.12"
2018,"e02_11","6.01.002.13"
2018,"e02_12","6.01.002.15"
2018,"e02_13","6.01.002.16"
2018,"e02_14","6.01.002.17"
2018,"e02_15","6.01.002.18"
2018,"e02_16","6.01.002.98"
2018,"e02_17","6.01.002.99"
2018,"e03","6.02.001.00"
2018,"e04_1","6.02.003.02"
2018,"e04_2","6.02.003.04"
2018,"e04_3","6.02.003.05"
2018,"e04_4","6.02.003.07"
2018,"e04_5","6.02.003.03"
2018,"e04_6","6.02.003.12"
2018,"e04_7","6.02.003.98"
2018,"e04_8","6.02.003.99"
2018,"e05","6.02.004.00"
2018,"e06","6.04.001.00"
2018,"w01","7.02.001.00"
2018,"w02","7.02.002.00"
2018,"w03","7.02.003.00"
2018,"w04","7.02.004.00"
2018,"hse_index","7.01.002.00"
2018,"perma_index","7.01.001.00"
2019,"ees","1.01.001.00"
2019,"mw_ts","1.02.001.00"
2019,"op_ts","1.02.002.00"
2019,"lm_ts","1.02.003.00"
2019,"mt_ts","1.02.004.00"
2019,"ld_ts","1.02.005.00"
2019,"if_ts","1.02.006.00"
2019,"rw_ts","1.02.007.00"
2019,"pb_ts","1.02.008.00"
2019,"lc_ts","1.02.009.00"
2019,"b01","2.01.001.00"
2019,"b02","2.01.002.00"
2019,"b03","2.01.003.00"
2019,"b04","2.01.004.00"
2019,"b05","2.01.005.00"
2019,"b06","2.02.001.00"
2019,"b07","2.02.003.00"
2019,"b08","2.03.001.00"
2019,"b09","2.03.004.00"
2019,"b10","2.03.005.00"
2019,"b11","2.03.006.00"
2019,"b12","2.03.007.00"
2019,"b13","2.03.008.00"
2019,"b14","2.03.009.00"
2019,"b15","2.03.010.00"
2019,"b16","2.03.011.00"
2019,"b17","2.03.013.00"
2019,"b18","2.04.001.00"
2019,"b19","2.04.002.00"
2019,"b20","2.04.003.00"
2019,"b21","2.05.001.00"
2019,"b22","2.05.002.00"
2019,"b23","2.05.003.00"
2019,"b24","2.05.004.00"
2019,"b25","2.06.001.00"
2019,"b26","2.06.002.00"
2019,"b27","2.06.003.00"
2019,"b28","2.06.004.00"
2019,"b29","2.07.001.00"
2019,"b30","2.07.002.00"
2019,"b31","2.07.004.00"
2019,"b32","2.07.005.00"
2019,"b33","2.07.006.00"
2019,"b34","2.07.007.00"
2019,"b35","2.08.001.00"
2019,"b36","2.08.002.00"
2019,"b37","2.08.003.00"
2019,"b38","2.09.001.00"
2019,"b39","2.09.002.00"
2019,"b40","2.09.003.00"
2019,"b41","2.09.005.00"
2019,"b42","2.09.006.00"
2019,"b43","2.09.007.00"
2019,"b44","2.09.008.00"
2019,"b45","2.09.009.00"
2019,"b46","2.09.010.00"
2019,"b47","2.10.001.00"
2019,"b48","2.10.002.00"
2019,"b49","2.10.003.00"
2019,"b50","2.10.004.00"
2019,"b51","2.10.005.00"
2019,"b52","2.11.001.00"
2019,"b53","2.11.003.00"
2019,"b54","3.01.001.00"
2019,"b55","3.01.002.00"
2019,"b56","3.01.006.00"
2019,"b57","3.01.007.00"
2019,"b58","3.01.008.00"
2019,"b59","3.03.001.00"
2019,"b60","3.02.009.00"
2019,"c01_1","4.01.001.01"
2019,"c01_2","4.01.001.02"
2019,"c01_3","4.01.001.03"
2019,"c01_4","4.01.001.04"
2019,"d01","5.01.001.00"
2019,"d02","5.01.002.00"
2019,"d03","5.01.003.00"
2019,"e01","6.01.001.00"
2019,"e02_1","6.01.002.01"
2019,"e02_2","6.01.002.02"
2019,"e02_3","6.01.002.03"
2019,"e02_4","6.01.002.04"
2019,"e02_5","6.01.002.05"
2019,"e02_6","6.01.002.06"
2019,"e02_7","6.01.002.07"
2019,"e02_8","6.01.002.08"
2019,"e02_9","6.01.002.09"
2019,"e02_10","6.01.002.10"
2019,"e02_11","6.01.002.11"
2019,"e02_12","6.01.002.12"
2019,"e02_13","6.01.002.13"
2019,"e02_14","6.01.002.14"
2019,"e02_15","6.01.002.15"
2019,"e02_16","6.01.002.16"
2019,"e02_17","6.01.002.17"
2019,"e02_18","6.01.002.18"
2019,"e02_19","6.01.002.98"
2019,"e02_20","6.01.002.99"
2019,"e03","6.02.001.00"
2019,"e03a_01","6.02.002.01"
2019,"e03a_02","6.02.002.02"
2019,"e03a_03","6.02.002.03"
2019,"e03a_04","6.02.002.04"
2019,"e03a_05","6.02.002.05"
2019,"e03a_06","6.02.002.06"
2019,"e03a_07","6.02.002.07"
2019,"e03a_08","6.02.002.08"
2019,"e03a_09","6.02.002.09"
2019,"e03a_10","6.02.002.10"
2019,"e03a_11","6.02.002.11"
2019,"e03a_12","6.02.002.12"
2019,"e03a_13","6.02.002.13"
2019,"e03a_14","6.02.002.14"
2019,"e03a_15","6.02.002.98"
2019,"e03a_16","6.02.002.99"
2019,"e04_01","6.02.003.01"
2019,"e04_02","6.02.003.03"
2019,"e04_03","6.02.003.04"
2019,"e04_04","6.02.003.06"
2019,"e04_05","6.02.003.07"
2019,"e04_06","6.02.003.08"
2019,"e04_07","6.02.003.09"
2019,"e04_08","6.02.003.10"
2019,"e04_09","6.02.003.11"
2019,"e04_10","6.02.003.12"
2019,"e04_11","6.02.003.98"
2019,"e04_12","6.02.003.99"
2019,"e05","6.02.004.00"
2019,"e05_01","6.03.001.01"
2019,"e05_02","6.03.001.02"
2019,"e05_03","6.03.001.03"
2019,"e05_04","6.03.002.01"
2019,"e05_05","6.03.002.02"
2019,"e05_06","6.03.002.03"
2019,"e05_07","6.03.002.04"
2019,"e05_08","6.03.002.05"
2019,"e05_09","6.03.002.06"
2019,"e06_a","6.04.002.00"
2019,"e06_b","6.04.003.00"
2019,"e06_c","6.04.004.00"
2019,"e06_d","6.04.005.00"
2019,"e06_e","6.04.006.00"
2019,"w01","7.02.001.00"
2019,"w02","7.02.002.00"
2019,"w03","7.02.003.00"
2019,"w04","7.02.004.00"
2019,"hse_index","7.01.002.00"
2019,"perma_index","7.01.001.00"
2020,"ees","1.01.001.00"
2020,"mw_ts","1.02.001.00"
2020,"op_ts","1.02.002.00"
2020,"lm_ts","1.02.003.00"
2020,"mt_ts","1.02.004.00"
2020,"ld_ts","1.02.005.00"
2020,"if_ts","1.02.006.00"
2020,"rw_ts","1.02.007.00"
2020,"pb_ts","1.02.008.00"
2020,"lc_ts","1.02.009.00"
2020,"b01","2.01.001.00"
2020,"b02","2.01.002.00"
2020,"b03","2.01.003.00"
2020,"b04","2.01.004.00"
2020,"b05","2.01.005.00"
2020,"b06","2.02.001.00"
2020,"b07","2.02.003.00"
2020,"b08","2.03.001.00"
2020,"b09","2.03.004.00"
2020,"b10","2.03.005.00"
2020,"b11","2.03.006.00"
2020,"b12","2.03.007.00"
2020,"b13","2.03.008.00"
2020,"b14","2.03.009.00"
2020,"b15","2.03.010.00"
2020,"b16","2.03.011.00"
2020,"b17","2.03.013.00"
2020,"b18","2.04.001.00"
2020,"b19","2.04.002.00"
2020,"b20","2.04.003.00"
2020,"b21","2.05.001.00"
2020,"b22","2.05.002.00"
2020,"b23","2.05.003.00"
2020,"b24","2.05.004.00"
2020,"b25","2.06.001.00"
2020,"b26","2.06.002.00"
2020,"b27","2.06.003.00"
2020,"b28","2.06.004.00"
2020,"b29","2.07.001.00"
2020,"b30","2.07.002.00"
2020,"b31","2.07.004.00"
2020,"b32","2.07.005.00"
2020,"b33","2.07.006.00"
2020,"b34","2.07.007.00"
2020,"b35","2.08.001.00"
2020,"b36","2.08.002.00"
2020,"b37","2.08.003.00"
2020,"b38","2.09.001.00"
2020,"b39","2.09.002.00"
2020,"b40","2.09.003.00"
2020,"b41","2.09.005.00"
2020,"b42","2.09.006.00"
2020,"b43","2.09.007.00"
2020,"b44","2.09.008.00"
2020,"b45","2.09.009.00"
2020,"b46","2.09.010.00"
2020,"b47","2.10.001.00"
2020,"b48","2.10.002.00"
2020,"b49","2.10.003.00"
2020,"b50","2.10.004.00"
2020,"b51","2.10.005.00"
2020,"b52","2.11.001.00"
2020,"b53","2.11.003.00"
2020,"b54","3.01.001.00"
2020,"b55","3.01.002.00"
2020,"b56","3.01.006.00"
2020,"b57","3.01.007.00"
2020,"b58","3.01.008.00"
2020,"b59","3.03.001.00"
2020,"b60","3.02.009.00"
2020,"c01_1","4.01.001.01"
2020,"c01_2","4.01.001.02"
2020,"c01_3","4.01.001.03"
2020,"c01_4","4.01.001.04"
2020,"d01","5.01.001.00"
2020,"d02","5.01.002.00"
2020,"d03","5.01.003.00"
2020,"e01","6.01.001.00"
2020,"e02_01","6.01.002.01"
2020,"e02_02","6.01.002.02"
2020,"e02_03","6.01.002.03"
2020,"e02_04","6.01.002.04"
2020,"e02_05","6.01.002.05"
2020,"e02_06","6.01.002.06"
2020,"e02_07","6.01.002.07"
2020,"e02_08","6.01.002.08"
2020,"e02_09","6.01.002.09"
2020,"e02_10","6.01.002.10"
2020,"e02_11","6.01.002.11"
2020,"e02_12","6.01.002.12"
2020,"e02_13","6.01.002.13"
2020,"e02_14","6.01.002.14"
2020,"e02_15","6.01.002.15"
2020,"e02_16","6.01.002.16"
2020,"e02_17","6.01.002.17"
2020,"e02_18","6.01.002.18"
2020,"e02_19","6.01.002.98"
2020,"e02_20","6.01.002.99"
2020,"e03","6.02.001.00"
2020,"e03a_01","6.02.002.01"
2020,"e03a_02","6.02.002.02"
2020,"e03a_03","6.02.002.03"
2020,"e03a_04","6.02.002.04"
2020,"e03a_05","6.02.002.05"
2020,"e03a_06","6.02.002.06"
2020,"e03a_07","6.02.002.07"
2020,"e03a_08","6.02.002.08"
2020,"e03a_09","6.02.002.09"
2020,"e03a_10","6.02.002.10"
2020,"e03a_11","6.02.002.11"
2020,"e03a_12","6.02.002.12"
2020,"e03a_13","6.02.002.13"
2020,"e03a_14","6.02.002.14"
2020,"e03a_15","6.02.002.15"
2020,"e03a_16","6.02.002.98"
2020,"e03a_17","6.02.002.99"
2020,"e04_01","6.02.003.01"
2020,"e04_02","6.02.003.03"
2020,"e04_03","6.02.003.04"
2020,"e04_04","6.02.003.06"
2020,"e04_05","6.02.003.07"
2020,"e04_06","6.02.003.08"
2020,"e04_07","6.02.003.09"
2020,"e04_08","6.02.003.10"
2020,"e04_09","6.02.003.11"
2020,"e04_10","6.02.003.12"
2020,"e04_11","6.02.003.98"
2020,"e04_12","6.02.003.99"
2020,"e05","6.02.004.00"
2020,"e06_a","6.04.002.00"
2020,"e06_b","6.04.003.00"
2020,"e06_c","6.04.004.00"
2020,"e06_d","6.04.005.00"
2020,"w01","7.02.001.00"
2020,"w02","7.02.002.00"
2020,"w03","7.02.003.00"
2020,"w04","7.02.004.00"
2020,"j04b","7.03.001.00"
2020,"w05","7.03.002.00"
2020,"w07","7.03.003.00"
2020,"w08","7.03.004.00"
2020,"hse_index","7.01.002.00"
2020,"perma_index","7.01.001.00"
2020,"mw_p","1.02.001.00"
2020,"op_p","1.02.002.00"
2020,"lm_p","1.02.003.00"
2020,"mt_p","1.02.004.00"
2020,"ld_p","1.02.005.00"
2020,"if_p","1.02.006.00"
2020,"rw_p","1.02.007.00"
2020,"pb_p","1.02.008.00"
2020,"lc_p","1.02.009.00"
2021,"ees","1.01.001.00"
2021,"mw_ts","1.02.001.00"
2021,"op_ts","1.02.002.00"
2021,"lm_ts","1.02.003.00"
2021,"mt_ts","1.02.004.00"
2021,"ld_ts","1.02.005.00"
2021,"if_ts","1.02.006.00"
2021,"rw_ts","1.02.007.00"
2021,"pb_ts","1.02.008.00"
2021,"lc_ts","1.02.009.00"
2021,"b01","2.01.001.00"
2021,"b02","2.01.002.00"
2021,"b03","2.01.003.00"
2021,"b04","2.01.004.00"
2021,"b05","2.01.005.00"
2021,"b06","2.02.001.00"
2021,"b07","2.02.003.00"
2021,"b08","2.03.001.00"
2021,"b09","2.03.004.00"
2021,"b10","2.03.005.00"
2021,"b11","2.03.006.00"
2021,"b12","2.03.007.00"
2021,"b13","2.03.008.00"
2021,"b14","2.03.009.00"
2021,"b15","2.03.010.00"
2021,"b16","2.03.011.00"
2021,"b17","2.03.013.00"
2021,"b18","2.04.001.00"
2021,"b19","2.04.002.00"
2021,"b20","2.04.003.00"
2021,"b21","2.05.001.00"
2021,"b22","2.05.002.00"
2021,"b23","2.05.003.00"
2021,"b24","2.05.004.00"
2021,"b25","2.06.001.00"
2021,"b26","2.06.002.00"
2021,"b27","2.06.003.00"
2021,"b28","2.06.004.00"
2021,"b29","2.07.001.00"
2021,"b30","2.07.002.00"
2021,"b31","2.07.004.00"
2021,"b32","2.07.005.00"
2021,"b33","2.07.006.00"
2021,"b34","2.07.007.00"
2021,"b35","2.08.001.00"
2021,"b36","2.08.002.00"
2021,"b37","2.08.003.00"
2021,"b38","2.09.001.00"
2021,"b39","2.09.002.00"
2021,"b40","2.09.003.00"
2021,"b41","2.09.005.00"
2021,"b42","2.09.006.00"
2021,"b43","2.09.007.00"
2021,"b44","2.09.008.00"
2021,"b45","2.09.009.00"
2021,"b46","2.09.010.00"
2021,"b47","2.10.001.00"
2021,"b48","2.10.002.00"
2021,"b49","2.10.003.00"
2021,"b50","2.10.004.00"
2021,"b51","2.10.005.00"
2021,"b52","2.11.001.00"
2021,"b53","2.11.003.00"
2021,"b54","3.01.001.00"
2021,"b55","3.01.002.00"
2021,"b56","3.01.006.00"
2021,"b57","3.01.007.00"
2021,"b58","3.01.008.00"
2021,"b59","3.03.001.00"
2021,"b60","3.02.009.00"
2021,"c01_1","4.01.001.01"
2021,"c01_2","4.01.001.02"
2021,"c01_3","4.01.001.03"
2021,"c01_4","4.01.001.04"
2021,"d01","5.01.004.00"
2021,"d02","5.01.002.00"
2021,"d03","5.01.003.00"
2021,"e01","6.01.001.00"
2021,"e02_01","6.01.002.01"
2021,"e02_02","6.01.002.02"
2021,"e02_03","6.01.002.03"
2021,"e02_04","6.01.002.04"
2021,"e02_05","6.01.002.05"
2021,"e02_06","6.01.002.06"
2021,"e02_07","6.01.002.07"
2021,"e02_08","6.01.002.08"
2021,"e02_09","6.01.002.09"
2021,"e02_10","6.01.002.10"
2021,"e02_11","6.01.002.11"
2021,"e02_12","6.01.002.12"
2021,"e02_13","6.01.002.13"
2021,"e02_14","6.01.002.14"
2021,"e02_15","6.01.002.15"
2021,"e02_16","6.01.002.16"
2021,"e02_17","6.01.002.17"
2021,"e02_18","6.01.002.18"
2021,"e02_19","6.01.002.98"
2021,"e02_20","6.01.002.99"
2021,"e03","6.02.001.00"
2021,"e03a_01","6.02.002.01"
2021,"e03a_02","6.02.002.02"
2021,"e03a_03","6.02.002.03"
2021,"e03a_04","6.02.002.04"
2021,"e03a_05","6.02.002.05"
2021,"e03a_06","6.02.002.06"
2021,"e03a_07","6.02.002.07"
2021,"e03a_08","6.02.002.08"
2021,"e03a_09","6.02.002.09"
2021,"e03a_10","6.02.002.10"
2021,"e03a_11","6.02.002.11"
2021,"e03a_12","6.02.002.12"
2021,"e03a_13","6.02.002.13"
2021,"e03a_14","6.02.002.14"
2021,"e03a_15","6.02.002.15"
2021,"e03a_16","6.02.002.98"
2021,"e03a_17","6.02.002.99"
2021,"e04_01","6.02.003.01"
2021,"e04_02","6.02.003.03"
2021,"e04_03","6.02.003.04"
2021,"e04_04","6.02.003.06"
2021,"e04_05","6.02.003.07"
2021,"e04_06","6.02.003.08"
2021,"e04_07","6.02.003.09"
2021,"e04_08","6.02.003.10"
2021,"e04_09","6.02.003.11"
2021,"e04_10","6.02.003.12"
2021,"e04_11","6.02.003.98"
2021,"e04_12","6.02.003.99"
2021,"e05","6.02.004.00"
2021,"e06_a","6.04.002.00"
2021,"e06_b","6.04.003.00"
2021,"e06_c","6.04.004.00"
2021,"e06_d","6.04.005.00"
2021,"w01","7.02.001.00"
2021,"w02","7.02.002.00"
2021,"w03","7.02.003.00"
2021,"w04","7.02.004.00"
2021,"j04b","7.03.001.00"
2021,"w05","7.03.002.00"
2021,"w07","7.03.003.00"
2021,"w08","7.03.004.00"
2021,"hse_index","7.01.002.00"
2021,"perma_index","7.01.001.00"
2021,"mw_p","1.02.001.00"
2021,"op_p","1.02.002.00"
2021,"lm_p","1.02.003.00"
2021,"mt_p","1.02.004.00"
2021,"ld_p","1.02.005.00"
2021,"if_p","1.02.006.00"
2021,"rw_p","1.02.007.00"
2021,"pb_p","1.02.008.00"
2021,"lc_p","1.02.009.00"
2022,"ees","1.01.001.00"
2022,"mw_ts","1.02.001.00"
2022,"op_ts","1.02.002.00"
2022,"lm_ts","1.02.003.00"
2022,"mt_ts","1.02.004.00"
2022,"ld_ts","1.02.005.00"
2022,"if_ts","1.02.006.00"
2022,"rw_ts","1.02.007.00"
2022,"pb_ts","1.02.008.00"
2022,"lc_ts","1.02.009.00"
2022,"b01","2.01.001.00"
2022,"b02","2.01.002.00"
2022,"b03","2.01.003.00"
2022,"b04","2.01.004.00"
2022,"b05","2.01.005.00"
2022,"b06","2.02.001.00"
2022,"b07","2.02.003.00"
2022,"b08","2.03.001.00"
2022,"b09","2.03.004.00"
2022,"b10","2.03.005.00"
2022,"b11","2.03.006.00"
2022,"b12","2.03.007.00"
2022,"b13","2.03.008.00"
2022,"b14","2.03.009.00"
2022,"b15","2.03.010.00"
2022,"b16","2.03.011.00"
2022,"b18","2.04.001.00"
2022,"b19","2.04.002.00"
2022,"b20","2.04.003.00"
2022,"b21","2.05.001.00"
2022,"b22","2.05.002.00"
2022,"b23","2.05.003.00"
2022,"b24","2.05.004.00"
2022,"b25","2.06.001.00"
2022,"b26","2.06.002.00"
2022,"b27","2.06.003.00"
2022,"b28","2.06.004.00"
2022,"b29","2.07.001.00"
2022,"b30","2.07.002.00"
2022,"b31","2.07.004.00"
2022,"b32","2.07.005.00"
2022,"b33","2.07.006.00"
2022,"b34","2.07.007.00"
2022,"b35","2.08.001.00"
2022,"b36","2.08.002.00"
2022,"b37","2.08.003.00"
2022,"b38","2.09.001.00"
2022,"b39","2.09.002.00"
2022,"b40","2.09.003.00"
2022,"b41","2.09.005.00"
2022,"b42","2.09.006.00"
2022,"b43","2.09.007.00"
2022,"b44","2.09.008.00"
2022,"b45","2.09.009.00"
2022,"b46","2.09.010.00"
2022,"b47","2.10.001.00"
2022,"b48","2.10.002.00"
2022,"b49","2.10.003.00"
2022,"b50","2.10.004.00"
2022,"b51","2.10.005.00"
2022,"b52","2.11.001.00"
2022,"b53","2.11.003.00"
2022,"b54","3.01.001.00"
2022,"b55","3.01.002.00"
2022,"b56","3.01.006.00"
2022,"b57","3.01.007.00"
2022,"b58","3.01.008.00"
2022,"b59","3.03.001.00"
2022,"b59a","3.03.002.00"
2022,"b59b","3.03.003.00"
2022,"b59c","3.03.004.00"
2022,"b59d","3.03.005.00"
2022,"b59e","3.03.006.00"
2022,"b59f","3.03.007.00"
2022,"b59g","3.03.008.00"
2022,"b59h","3.03.009.00"
2022,"c01_1","4.01.001.01"
2022,"c01_2","4.01.001.02"
2022,"c01_3","4.01.001.03"
2022,"c01_4","4.01.001.04"
2022,"c02_01","4.01.002.01"
2022,"c02_02","4.01.002.02"
2022,"c02_03","4.01.002.03"
2022,"c02_04","4.01.002.04"
2022,"c02_05","4.01.002.05"
2022,"c02_06","4.01.002.06"
2022,"c02_07","4.01.002.07"
2022,"c02_08","4.01.002.08"
2022,"c02_09","4.01.002.09"
2022,"c02_10","4.01.002.10"
2022,"c02_11","4.01.002.11"
2022,"c02_12","4.01.002.12"
2022,"c02_13","4.01.002.13"
2022,"c02_14","4.01.002.14"
2022,"c02_15","4.01.002.15"
2022,"c02_16","4.01.002.98"
2022,"cv3","7.04.001.00"
2022,"d01a","5.01.004.00"
2022,"d02","5.01.002.00"
2022,"d03","5.01.003.00"
2022,"e01","6.01.001.00"
2022,"e02_01","6.01.002.01"
2022,"e02_02","6.01.002.02"
2022,"e02_03","6.01.002.03"
2022,"e02_04","6.01.002.04"
2022,"e02_05","6.01.002.05"
2022,"e02_06","6.01.002.06"
2022,"e02_07","6.01.002.07"
2022,"e02_08","6.01.002.08"
2022,"e02_09","6.01.002.09"
2022,"e02_10","6.01.002.10"
2022,"e02_11","6.01.002.11"
2022,"e02_12","6.01.002.12"
2022,"e02_13","6.01.002.13"
2022,"e02_14","6.01.002.14"
2022,"e02_15","6.01.002.15"
2022,"e02_16","6.01.002.16"
2022,"e02_17","6.01.002.17"
2022,"e02_18","6.01.002.18"
2022,"e02_19","6.01.002.98"
2022,"e02_20","6.01.002.99"
2022,"e03","6.02.001.00"
2022,"e03a_01","6.02.002.01"
2022,"e03a_02","6.02.002.02"
2022,"e03a_03","6.02.002.03"
2022,"e03a_04","6.02.002.04"
2022,"e03a_05","6.02.002.05"
2022,"e03a_06","6.02.002.06"
2022,"e03a_07","6.02.002.07"
2022,"e03a_08","6.02.002.08"
2022,"e03a_09","6.02.002.09"
2022,"e03a_10","6.02.002.10"
2022,"e03a_11","6.02.002.11"
2022,"e03a_12","6.02.002.12"
2022,"e03a_13","6.02.002.13"
2022,"e03a_14","6.02.002.14"
2022,"e03a_15","6.02.002.15"
2022,"e03a_16","6.02.002.98"
2022,"e03a_17","6.02.002.99"
2022,"e04_01","6.02.003.01"
2022,"e04_02","6.02.003.03"
2022,"e04_03","6.02.003.04"
2022,"e04_04","6.02.003.06"
2022,"e04_05","6.02.003.07"
2022,"e04_06","6.02.003.08"
2022,"e04_07","6.02.003.09"
2022,"e04_08","6.02.003.10"
2022,"e04_09","6.02.003.11"
2022,"e04_10","6.02.003.12"
2022,"e04_11","6.02.003.98"
2022,"e04_12","6.02.003.99"
2022,"e05","6.02.004.00"
2022,"e05a_01","6.03.001.01"
2022,"e05a_02","6.03.001.02"
2022,"e05a_03","6.03.001.03"
2022,"e05a_04","6.03.001.04"
2022,"e05b_01","6.03.002.01"
2022,"e05b_02","6.03.002.02"
2022,"e05b_03","6.03.002.03"
2022,"e05b_04","6.03.002.04"
2022,"e05b_05","6.03.002.05"
2022,"e05b_06","6.03.002.06"
2022,"e06_a","6.04.002.00"
2022,"e06_b","6.04.003.00"
2022,"e06_c","6.04.004.00"
2022,"e06_d","6.04.005.00"
2022,"w01","7.02.001.00"
2022,"w02","7.02.002.00"
2022,"w03","7.02.003.00"
2022,"w04","7.02.004.00"
2022,"j04b","7.03.001.00"
2022,"w05","7.03.002.00"
2022,"w07","7.03.003.00"
2022,"w08","7.03.004.00"
2022,"hse_index","7.01.002.00"
2022,"perma_index","7.01.001.00"
2022,"c01_01","4.01.001.01"
2022,"c01_02","4.01.001.02"
2022,"c01_03","4.01.001.03"
2022,"c01_04","4.01.001.04"
2023,"ees","1.01.001.00"
2023,"hse_index","7.01.002.00"
2023,"perma_index","7.01.001.00"
2023,"mw_ts","1.02.001.00"
2023,"op_ts","1.02.002.00"
2023,"lm_ts","1.02.003.00"
2023,"mt_ts","1.02.004.00"
2023,"ld_ts","1.02.005.00"
2023,"if_ts","1.02.006.00"
2023,"rw_ts","1.02.007.00"
2023,"pb_ts","1.02.008.00"
2023,"lc_ts","1.02.009.00"
2023,"b01","2.01.001.00"
2023,"b02","2.01.002.00"
2023,"b03","2.01.003.00"
2023,"b04","2.01.004.00"
2023,"b05","2.01.005.00"
2023,"b06","2.02.001.00"
2023,"b07","2.02.003.00"
2023,"b08","2.03.001.00"
2023,"b09","2.03.004.00"
2023,"b10","2.03.005.00"
2023,"b11","2.03.006.00"
2023,"b12","2.03.007.00"
2023,"b13","2.03.008.00"
2023,"b14","2.03.009.00"
2023,"b15","2.03.010.00"
2023,"b16","2.03.011.00"
2023,"b18","2.04.001.00"
2023,"b19","2.04.002.00"
2023,"b20","2.04.003.00"
2023,"b21","2.05.001.00"
2023,"b22","2.05.002.00"
2023,"b23","2.05.003.00"
2023,"b24","2.05.004.00"
2023,"b25","2.06.001.00"
2023,"b26","2.06.002.00"
2023,"b27","2.06.003.00"
2023,"b28","2.06.004.00"
2023,"b29","2.07.001.00"
2023,"b30","2.07.002.00"
2023,"b31","2.07.004.00"
2023,"b32","2.07.005.00"
2023,"b33","2.07.006.00"
2023,"b34","2.07.007.00"
2023,"b35","2.08.001.00"
2023,"b36","2.08.002.00"
2023,"b37","2.08.003.00"
2023,"b37a","2.08.004.00"
2023,"b37b","2.08.005.00"
2023,"b38","2.09.001.00"
2023,"b39","2.09.002.00"
2023,"b40","2.09.003.00"
2023,"b41","2.09.005.00"
2023,"b42","2.09.006.00"
2023,"b43","2.09.007.00"
2023,"b44","2.09.008.00"
2023,"b45","2.09.009.00"
2023,"b46","2.09.010.00"
2023,"b47","2.10.001.00"
2023,"b48","2.10.002.00"
2023,"b49","2.10.003.00"
2023,"b50","2.10.004.00"
2023,"b51","2.10.005.00"
2023,"b52","2.11.001.00"
2023,"b53","2.11.003.00"
2023,"b54","3.01.001.00"
2023,"b55","3.01.002.00"
2023,"b56","3.01.006.00"
2023,"b57","3.01.007.00"
2023,"b58","3.01.008.00"
2023,"b59","3.03.001.00"
2023,"b59a","3.03.002.00"
2023,"b59b","3.03.003.00"
2023,"b59c","3.03.004.00"
2023,"b59d","3.03.005.00"
2023,"b59e","3.03.006.00"
2023,"b59f","3.03.007.00"
2023,"b59g","3.03.008.00"
2023,"b59h","3.03.009.00"
2023,"b59i","3.03.010.00"
2023,"c01_1","4.01.001.01"
2023,"c01_2","4.01.001.02"
2023,"c01_3","4.01.001.03"
2023,"c01_4","4.01.001.04"
2023,"c02_01","4.01.002.01"
2023,"c02_02","4.01.002.02"
2023,"c02_03","4.01.002.03"
2023,"c02_04","4.01.002.04"
2023,"c02_05","4.01.002.05"
2023,"c02_06","4.01.002.06"
2023,"c02_07","4.01.002.07"
2023,"c02_08","4.01.002.08"
2023,"c02_09","4.01.002.09"
2023,"c02_10","4.01.002.10"
2023,"c02_11","4.01.002.11"
2023,"c02_12","4.01.002.12"
2023,"c02_13","4.01.002.13"
2023,"c02_14","4.01.002.14"
2023,"c02_15","4.01.002.15"
2023,"c02_16","4.01.002.98"
2023,"cv3","7.04.001.00"
2023,"d01a","5.01.004.00"
2023,"d02","5.01.002.00"
2023,"d03","5.01.003.00"
2023,"e01","6.01.001.00"
2023,"e02_01","6.01.002.01"
2023,"e02_02","6.01.002.02"
2023,"e02_03","6.01.002.03"
2023,"e02_04","6.01.002.04"
2023,"e02_05","6.01.002.05"
2023,"e02_06","6.01.002.06"
2023,"e02_07","6.01.002.07"
2023,"e02_08","6.01.002.08"
2023,"e02_09","6.01.002.09"
2023,"e02_10","6.01.002.10"
2023,"e02_11","6.01.002.11"
2023,"e02_12","6.01.002.12"
2023,"e02_13","6.01.002.13"
2023,"e02_14","6.01.002.14"
2023,"e02_15","6.01.002.15"
2023,"e02_16","6.01.002.16"
2023,"e02_17","6.01.002.17"
2023,"e02_18","6.01.002.18"
2023,"e02_19","6.01.002.98"
2023,"e02_20","6.01.002.99"
2023,"e03","6.02.001.00"
2023,"e03a_01","6.02.002.01"
2023,"e03a_02","6.02.002.02"
2023,"e03a_03","6.02.002.03"
2023,"e03a_04","6.02.002.04"
2023,"e03a_05","6.02.002.05"
2023,"e03a_06","6.02.002.06"
2023,"e03a_07","6.02.002.07"
2023,"e03a_08","6.02.002.08"
2023,"e03a_09","6.02.002.09"
2023,"e03a_10","6.02.002.10"
2023,"e03a_11","6.02.002.11"
2023,"e03a_12","6.02.002.12"
2023,"e03a_13","6.02.002.13"
2023,"e03a_14","6.02.002.14"
2023,"e03a_15","6.02.002.15"
2023,"e03a_16","6.02.002.98"
2023,"e03a_17","6.02.002.99"
2023,"e04_01","6.02.003.01"
2023,"e04_02","6.02.003.03"
2023,"e04_03","6.02.003.04"
2023,"e04_04","6.02.003.06"
2023,"e04_05","6.02.003.07"
2023,"e04_06","6.02.003.08"
2023,"e04_07","6.02.003.09"
2023,"e04_08","6.02.003.10"
2023,"e04_09","6.02.003.11"
2023,"e04_10","6.02.003.12"
2023,"e04_11","6.02.003.98"
2023,"e04_12","6.02.003.99"
2023,"e05","6.02.004.00"
2023,"e05a_01","6.03.001.01"
2023,"e05a_02","6.03.001.02"
2023,"e05a_03","6.03.001.03"
2023,"e05a_04","6.03.001.04"
2023,"e05b_01","6.03.002.01"
2023,"e05b_02","6.03.002.02"
2023,"e05b_03","6.03.002.03"
2023,"e05b_04","6.03.002.04"
2023,"e05b_05","6.03.002.05"
2023,"e05b_06","6.03.002.06"
2023,"e06_a","6.04.002.00"
2023,"e06_b","6.04.003.00"
2023,"e06_c","6.04.004.00"
2023,"e06_d","6.04.005.00"
2023,"w01","7.02.001.00"
2023,"w02","7.02.002.00"
2023,"w03","7.02.003.00"
2023,"w04","7.02.004.00"
2023,"j04b","7.03.001.00"
2023,"w05","7.03.002.00"
2023,"w09","7.03.005.00"
2023,"w10","7.03.006.00"
2024,"ees","1.01.001.00"
2024,"hse_index","7.01.002.00"
2024,"perma_index","7.01.001.00"
2024,"mw_ts","1.02.001.00"
2024,"op_ts","1.02.002.00"
2024,"lm_ts","1.02.003.00"
2024,"mt_ts","1.02.004.00"
2024,"ld_ts","1.02.005.00"
2024,"if_ts","1.02.006.00"
2024,"rw_ts","1.02.007.00"
2024,"pb_ts","1.02.008.00"
2024,"lc_ts","1.02.009.00"
2024,"b01","2.01.001.00"
2024,"b02","2.01.002.00"
2024,"b03","2.01.003.00"
2024,"b04","2.01.004.00"
2024,"b05","2.01.005.00"
2024,"b06","2.02.001.00"
2024,"b07","2.02.003.00"
2024,"b08","2.03.001.00"
2024,"b09","2.03.004.00"
2024,"b10","2.03.005.00"
2024,"b11","2.03.006.00"
2024,"b12","2.03.007.00"
2024,"b13","2.03.008.00"
2024,"b14","2.03.009.00"
2024,"b15","2.03.010.00"
2024,"b16","2.03.011.00"
2024,"b16a","2.03.012.00"
2024,"b18","2.04.001.00"
2024,"b19","2.04.002.00"
2024,"b20","2.04.003.00"
2024,"b21","2.05.001.00"
2024,"b22","2.05.002.00"
2024,"b23","2.05.003.00"
2024,"b24","2.05.004.00"
2024,"b25","2.06.001.00"
2024,"b26","2.06.002.00"
2024,"b27","2.06.003.00"
2024,"b28","2.06.004.00"
2024,"b29","2.07.001.00"
2024,"b30","2.07.002.00"
2024,"b31","2.07.004.00"
2024,"b32","2.07.005.00"
2024,"b33","2.07.006.00"
2024,"b34","2.07.007.00"
2024,"b35","2.08.001.00"
2024,"b36","2.08.002.00"
2024,"b37","2.08.003.00"
2024,"b37a","2.08.004.00"
2024,"b37b","2.08.005.00"
2024,"b38","2.09.001.00"
2024,"b39","2.09.002.00"
2024,"b40","2.09.003.00"
2024,"b41","2.09.005.00"
2024,"b42","2.09.006.00"
2024,"b43","2.09.007.00"
2024,"b44","2.09.008.00"
2024,"b45","2.09.009.00"
2024,"b46","2.09.010.00"
2024,"b47","2.10.001.00"
2024,"b48","2.10.002.00"
2024,"b49","2.10.003.00"
2024,"b50","2.10.004.00"
2024,"b51","2.10.005.00"
2024,"b52","2.11.001.00"
2024,"b53","2.11.003.00"
2024,"b54","3.01.001.00"
2024,"b55","3.01.002.00"
2024,"b56","3.01.006.00"
2024,"b57","3.01.007.00"
2024,"b58","3.01.008.00"
2024,"b59","3.03.001.00"
2024,"b59a","3.03.002.00"
2024,"b59b","3.03.003.00"
2024,"b59c","3.03.004.00"
2024,"b59d","3.03.005.00"
2024,"b59e","3.03.006.00"
2024,"b59f","3.03.007.00"
2024,"b59g","3.03.008.00"
2024,"b59h","3.03.009.00"
2024,"b60","3.04.001.00"
2024,"b61","3.04.002.00"
2024,"c01_1","4.01.001.01"
2024,"c01_2","4.01.001.02"
2024,"c01_3","4.01.001.03"
2024,"c01_4","4.01.001.04"
2024,"c02_01","4.01.002.01"
2024,"c02_02","4.01.002.02"
2024,"c02_03","4.01.002.03"
2024,"c02_04","4.01.002.04"
2024,"c02_05","4.01.002.05"
2024,"c02_06","4.01.002.06"
2024,"c02_07","4.01.002.07"
2024,"c02_08","4.01.002.08"
2024,"c02_09","4.01.002.09"
2024,"c02_10","4.01.002.10"
2024,"c02_11","4.01.002.11"
2024,"c02_12","4.01.002.12"
2024,"c02_13","4.01.002.13"
2024,"c02_14","4.01.002.14"
2024,"c02_15","4.01.002.15"
2024,"c02_16","4.01.002.98"
2024,"cv3","7.04.001.00"
2024,"d01a","5.01.004.00"
2024,"d02","5.01.002.00"
2024,"d03","5.01.003.00"
2024,"e01","6.01.001.00"
2024,"e02_01","6.01.002.01"
2024,"e02_02","6.01.002.02"
2024,"e02_03","6.01.002.03"
2024,"e02_04","6.01.002.04"
2024,"e02_05","6.01.002.05"
2024,"e02_06","6.01.002.06"
2024,"e02_07","6.01.002.07"
2024,"e02_08","6.01.002.08"
2024,"e02_09","6.01.002.09"
2024,"e02_10","6.01.002.10"
2024,"e02_11","6.01.002.11"
2024,"e02_12","6.01.002.12"
2024,"e02_13","6.01.002.13"
2024,"e02_14","6.01.002.14"
2024,"e02_15","6.01.002.15"
2024,"e02_16","6.01.002.16"
2024,"e02_17","6.01.002.17"
2024,"e02_18","6.01.002.18"
2024,"e02_19","6.01.002.98"
2024,"e02_20","6.01.002.99"
2024,"e03","6.02.001.00"
2024,"e03a_01","6.02.002.01"
2024,"e03a_02","6.02.002.02"
2024,"e03a_03","6.02.002.03"
2024,"e03a_04","6.02.002.04"
2024,"e03a_05","6.02.002.05"
2024,"e03a_06","6.02.002.06"
2024,"e03a_07","6.02.002.07"
2024,"e03a_08","6.02.002.08"
2024,"e03a_09","6.02.002.09"
2024,"e03a_10","6.02.002.10"
2024,"e03a_11","6.02.002.11"
2024,"e03a_12","6.02.002.12"
2024,"e03a_13","6.02.002.13"
2024,"e03a_14","6.02.002.14"
2024,"e03a_15","6.02.002.15"
2024,"e03a_16","6.02.002.98"
2024,"e03a_17","6.02.002.99"
2024,"e04_01","6.02.003.01"
2024,"e04_02","6.02.003.03"
2024,"e04_03","6.02.003.04"
2024,"e04_04","6.02.003.06"
2024,"e04_05","6.02.003.07"
2024,"e04_06","6.02.003.08"
2024,"e04_07","6.02.003.09"
2024,"e04_08","6.02.003.10"
2024,"e04_09","6.02.003.11"
2024,"e04_10","6.02.003.12"
2024,"e04_11","6.02.003.98"
2024,"e04_12","6.02.003.99"
2024,"e05","6.02.004.00"
2024,"e05a_01","6.03.001.01"
2024,"e05a_02","6.03.001.02"
2024,"e05a_03","6.03.001.03"
2024,"e05a_04","6.03.001.04"
2024,"e05b_01","6.03.002.01"
2024,"e05b_02","6.03.002.02"
2024,"e05b_03","6.03.002.03"
2024,"e05b_04","6.03.002.04"
2024,"e05b_05","6.03.002.05"
2024,"e05b_06","6.03.002.06"
2024,"e06_a","6.04.002.00"
2024,"e06_b","6.04.003.00"
2024,"e06_c","6.04.004.00"
2024,"e06_d","6.04.005.00"
2024,"w01","7.02.001.00"
2024,"w02","7.02.002.00"
2024,"w03","7.02.003.00"
2024,"w04","7.02.004.00"
2024,"j04b","7.03.001.00"
2024,"w05","7.03.002.00"
2024,"w09","7.03.005.00"
2024,"w10","7.03.006.00"
