regex,uid_qm_txt
(^|^e\d+_\w+\.?\s|^e05[:.]\s)did.you.report,dhb.reported_bullying
(been|during.*experienced).(discrim),dhb.experienced_discrimination
(been|experienced).(bull(ied|ying)),dhb.experienced_bullying
(not.report|inaction).*another.reason,dhb.not_reported_other_reason
(not.report|inaction).*behaviour.stopped,dhb.not_reported_behaviour_stopped
(not.report|inaction).*corrective.action,dhb.not_reported_action_not_taken
(not.report|inaction).*jeopardise.*job,dhb.not_reported_jeopardise_job
(not.report|inaction).*not.know,dhb.not_reported_not_know_how
(not.report|inaction).*troublemaker,dhb.not_reported_troublemaker
^count$|^number.*responses$,meta.response_count
^ees|engagement.(index|score),000.engagement_index
^inclusion.*fair.treatment|^if_,000.inclusion_treatment
^leadership.*managing.change|^lc_,000.leadership_change
^learning.*development(\stheme.*)?$|^ld_,000.learning_development
^my.*manager(\stheme.*)?$|^lm_.*,000.my_manager
^my.team|^mt_,000.my_team
^my.work(\stheme.*)?$|^mw_,000.my_work
^organisational.objectives|^op_,000.objectives_purpose
^pay.*benefits|^pb_,000.pay_benefits
^resources.*workload|^rw_,000.resources_workload
acceptable.workload,rwk.acceptable_workload
access.*learning,ldv.access_learning
action.*been.taken,act.been_taken
anxious.*yesterday,wlb.anxious_yesterday
appropriate.action,dhb.appropriate_action
aware.*benefits,pay.aware_benefits
aware.*raise.*concern.*civil.service.code,csc.aware_code
aware.*vision,tpl.aware_vision
aware.of.the.civil.service.code,csc.aware_concern
bullied.*(another.part|different.area),dhb.bullied_by_different_area
bullied.*(my|your).manager,dhb.bullied_by_my_manager
bullied.*another.manager,dhb.bullied_by_other_manager
bullied.*colleague($|\s\(),dhb.bullied_by_colleague
bullied.*contractor,dhb.bullied_by_contractor
bullied.*different.civil.service.organisation,dhb.bullied_by_othercs_organisation
bullied.*my.area,dhb.bullied_by_my_area
bullied.*non.*civil.service.organisation,dhb.bullied_by_noncs_organisation
bullied.*public,dhb.bullied_by_public
bullied.*senior,dhb.bullied_by_senior_manager
bullied.*some(one|thing).else,dhb.bullied_by_someone_else
bullied.*someone.*manage,dhb.bullied_by_someone_manage
bullied.*user,dhb.bullied_by_user
challenge.*behaviour,tpl.challenge_inappropriate
challenged.*work,mwk.challenging_work
change.*well,lmc.change_managed_well
changes.*better,lmc.change_for_better
choice.*how,mwk.choice_how
choice.*where,tpl.choice_where
clear.*expected,rwk.clear_expectations
clear.vision,lmc.clear_vision
collaborate.*goals,tpl.collaborate_goals
confidence.*my.manager,mgr.confidence_manger
confidence.*senior,lmc.confidence_seniors
confident.*civil.service.code,csc.confident_code
consider.*public,tpl.consider_public
contribute.*become|help.*vision,tpl.achieve_vision
contribute.*views,lmc.contribute_views
contributes.*objectives,obj.contribute_toward_objectives
culture.*allow.*continue,dhb.culture_continue
discuss.*wellbeing,wlb.discuss_wellbeing
efficiency.*priority,tpl.efficiency_priority
feedback.*helps,mgr.feedback_helps
feel.lonely,wlb.feel_lonely
get.*information,rwk.information_needed
good.balance,rwk.work_life_balance
good.friendships,tpl.good_friendships
grounds.*([:-–—_]\s?pay|'pay),dhb.discrimination_pay
grounds.*(\b|_)age,dhb.discrimination_age
grounds.*(\b|_)caring,dhb.discrimination_caring
grounds.*(\b|_)disability,dhb.discrimination_disability
grounds.*(\b|_)ethnic,dhb.discrimination_ethnicity
grounds.*(\b|_)gender.*perceived,dhb.discrimination_gender_identity
grounds.*(\b|_)grade,dhb.discrimination_grade
grounds.*(\b|_)language,dhb.discrimination_language
grounds.*(\b|_)location,dhb.discrimination_location
grounds.*(\b|_)mari?ti?al.status,dhb.discrimination_marital_status
grounds.*(\b|_)mental.health,dhb.discrimination_mental_health
grounds.*(\b|_)other,dhb.discrimination_other
grounds.*(\b|_)pattern,dhb.discrimination_pattern
grounds.*(\b|_)prefer.not,dhb.discrimination_pnts
grounds.*(\b|_)pregnancy,dhb.discrimination_pregnancy
grounds.*(\b|_)religion,dhb.discrimination_religion
grounds.*(\b|_)sex\b,dhb.discrimination_sex
grounds.*(\b|_)sexual.orientation,dhb.discrimination_sexual_orientation
grounds.*(\b|_)social,dhb.discrimination_social_background
grounds.*(discrimination|against?)(\s?[:-––_]\s?gender)\s\(|grounds.*'gender'|grounds.*:\sgender$,dhb.discrimination_gender
handle.*information,inf.handle_information
happy.*yesterday,wlb.happy_yesterday
has.*bullying.*stopped|bullying.*has.stopped,dhb.bullying_has_stopped
how.productive,tpl.how_productive
i.want.to.leave.*organisation.*as.soon.as.possible|^c01_1,int.leave_asap
i.want.to.leave.*organisation.*next.*months|^c01_2,int.leave_next_12m
i.want.to.stay.*organisation.*next.year|^c01_3,int.stay_next_year
i.want.to.stay.*organisation.*three.years|^c01_4,int.stay_three_years
interested.*work,mwk.interested_work
involved.*decisions,mwk.involved_decisions
issue.*resolved,dhb.bullying_resolved
know.*resources.*devolution,dvl.devolution_resources
know.about.*devolution,dvl.about_devolution
learning.*completed.*career,ldv.helping_career
learning.*completed.*performance,ldv.improve_performance
life.*worthwhile,wlb.life_worthwhile
long.covid,wlb.long_covid
management.standards,mgr.management_standards
manager.*considerate,mgr.manager_considerate
manager.*leads.*team,tpl.manager_leads
manager.*open,mgr.manager_open
manager.empowers,tpl.manager_empowers
manager.helps,mgr.understand_contribution
manager.inspires,tpl.manager_inspires
manager.motivates,mgr.manager_motivates
manager.recognises,mgr.manager_recognises
manager.trusts,tpl.manager_trusts
managers.*area.*role.model,tpl.managers_role_model
managers.where.*take.action,act.managers_action
money.worries,pay.money_worries
moved.*avoid,dhb.moved_to_avoid
my.manager.*role.model,tpl.supervisor_role_model
nature.*aggression,dhb.bullying_nature_aggression
nature.*appearance,dhb.bullying_nature_appearance
nature.*comments.*health,dhb.bullying_nature_health_comments
nature.*denied.*caring,dhb.bullying_nature_denied_caring
nature.*denied.*ill.health,dhb.bullying_nature_denied_illness
nature.*disclosure,dhb.bullying_nature_personal_details
nature.*gossip,dhb.bullying_nature_gossip
nature.*humiliated,dhb.bullying_nature_humiliated
nature.*ignored,dhb.bullying_nature_ignored
nature.*job.*criticism,dhb.bullying_nature_job_criticism
nature.*less.favourably,dhb.bullying_nature_unfavourable
nature.*micromanagement,dhb.bullying_nature_micromanagement
nature.*physical.assault,dhb.bullying_nature_assault
nature.*prefer.not,dhb.bullying_nature_pnts
nature.*sexual.harassment,dhb.bullying_nature_sexual_harassment
nature.*something.else,dhb.bullying_nature_something_else
nature.*undermining,dhb.bullying_nature_undermining
new.idea,tpl.try_new_ideas
opportunities.*develop.*career,ldv.opportunities_career
organisation.*inclusive,tpl.organisation_inclusive
organisation.*informed,lmc.kept_informed
organisation.*inspires,eng.organisation_inspires
organisation.*managed.well,lmc.organisation_managed_well
organisation.*motivates,eng.organisation_motivates
organisation.*we.*they,tpl.organisation_we_they
organisation.*wellbeing,wlb.organisation_support
pay.*performance,pay.reflects_performance
pay.*reasonable,pay.pay_reasonable
performance.*fairly,mgr.performance_fairly
performance.*things.done,tpl.performance_things_done
perma,wlb.perma_index
personal.attachment,eng.personal_attachment
poor.performance,mgr.poor_performance
proud.*tell,eng.proud_to_tell
proxy.stress,wlb.stress_index
punished.*reporting,dhb.punished_reporting
rate.*mental.health,wlb.mental_health
rate.*physical.health,wlb.physical_health
recommend.*organisation,eng.recommend_organisation
reform.*improving,tpl.reform_improving
regular.feedback,mgr.regular_feedback
report.*another.way(\s\(|'),dhb.reported_another_way
report.*complaint,dhb.reported_complaint
report.*confided,dhb.reported_confided
report.*less.formal,dhb.reported_less_formal
respects.*differences,ift.respects_differences
response.rate,meta.response_rate
safe.to.challenge,lmc.safe_to_challenge
satisfied.*benefits,pay.satisfied_benefits
satisfied.*life,wlb.satisfied_life
senior.*consistent.*values,lmc.seniors_consistent_values
senior.*empower,tpl.seniors_empower
senior.*inspire,tpl.seniors_inspire
senior.*lead.*confidence,tpl.senior_lead_confidence
senior.*role.model,tpl.seniors_role_model
senior.*take.action,act.senior_action
senior.*visible,lmc.seniors_visible
skills.*need,rwk.skills_needed
speak.up,tpl.speak_up_risk
team.*care.*wellbeing,wlb.team_care
team.*encouraged,tem.team_encouraged
team.*improve,tem.improve_service
team.*relied.upon,tem.relied_upon
technology.*collaborate,tpl.technology_collaborate
tools.*need,rwk.tools_needed
training.*information,inf.information_training
treated.*respect,ift.treated_respect
treated.fairly,ift.treated_fairly
trusted.*carry.out,tpl.trusted_job
understand.*civil.service.code,csc.understand_conduct
understanding.*objectives,obj.understanding_objectives
understanding.*purpose,obj.understanding_purpose
valued.*work,ift.work_valued
who.*bullied.*prefer.not,dhb.bullied_by_pnts
why.*leave.*better.*balance,int.why_leave_better_balance
why.*leave.*better.*pay,int.why_leave_better_pay
why.*leave.*end.*contract,int.why_leave_end_contract
why.*leave.*inclusion,int.why_leave_lack_inclusion
why.*leave.*interesting.work,int.why_leave_interesting_work
why.*leave.*organisational.culture,int.why_leave_organisational_culture
why.*leave.*other,int.why_leave_other
why.*leave.*personal,int.why_leave_personal
why.*leave.*poor.*management,int.why_leave_poor_management
why.*leave.*poor.leadership,int.why_leave_poor_leadership
why.*leave.*promotion.*outside,int.why_leave_external_promotion
why.*leave.*promotion.*within,int.why_leave_internal_promotion
why.*leave.*retiring,int.why_leave_retiring
why.*leave.*want.*change,int.why_leave_want_change
why.*leave.*work.relationships,int.why_leave_work_relationships
why.*leave.*workload,int.why_leave_workload
work.*accomplishment,mwk.personal_accomplishment
work.objectives,rwk.work_objectives