"uid_qm_txt","uid_qm_num","regex","label"
"000.engagement_index",,"^ees|engagement.(index|score)","ees employee engagement index (b47 to b51)"
"000.inclusion_treatment",,"^inclusion.*fair.treatment|^if_","if_ts inclusion and fair treatment theme score (% positive, b25 to b28)"
"000.leadership_change",,"^leadership.*managing.change|^lc_","lc_ts leadership and managing change theme score (% positive, b38 to b46)"
"000.learning_development",,"^learning.*development(\stheme.*)?$|^ld_","ld_ts learning and development theme score (% positive, b21 to b24)"
"000.my_manager",,"^my.*manager(\stheme.*)?$|^lm_.*","lm_ts my manager theme score (% positive, b08 to b16)"
"000.my_team",,"^my.team|^mt_","mt_ts my team theme score (% positive, b18 to b20)"
"000.my_work",,"^my.work(\stheme.*)?$|^mw_","mw_ts my work theme score (% positive, b01 to b05)"
"000.objectives_purpose",,"^organisational.objectives|^op_","op_ts organisational objectives and purpose theme score (% positive, b06 to b07)"
"000.pay_benefits",,"^pay.*benefits|^pb_","pay and benefits theme score (% positive, b35 to b37)"
"000.resources_workload",,"^resources.*workload|^rw_","resources and workload theme score (% positive, b29 to b34)"
"act.been_taken",,"action.*been.taken","b53 where i work, i think effective action has been taken on the results of the last survey (% selecting 'strongly agree' or 'agree')"
"act.managers_action",,"managers.where.*take.action","b56. i believe that managers where i work will take action on the results from this survey"
"act.senior_action",,"senior.*take.action","b52 i believe that senior managers in [my organisation] will take action on the results from this survey (% selecting 'strongly agree' or 'agree')"
"csc.aware_code",,"aware.*raise.*concern.*civil.service.code","are you aware of how to raise a concern under the civil service code? (% selecting 'yes')"
"csc.aware_concern",,"aware.of.the.civil.service.code","d01: are you aware of the civil service code? (% yes)"
"csc.confident_code",,"confident.*civil.service.code","are you confident that if you raised a concern under the civil service code in [my organisation] it would be investigated properly? (% selecting 'yes')"
"csc.understand_conduct",,"understand.*civil.service.code","d01a i understand the civil service code and what it means for my conduct (% selecting 'strongly agree' or 'agree')"
"dhb.appropriate_action",,"appropriate.action","e06_a_no was appropriate action taken to address the behaviour you experienced? (% selecting 'no') [note 5]"
"dhb.bullied_by_colleague",,"bullied.*colleague($|\s\()","e04. who were you bullied or harassed by at work in the past 12 months? (asked only of those that said ""yes"" to question e03, multiple selection was allowed therefore the result is shown as a proportion of those who said yes to e03 and may sum to more than 100%)a colleague"
"dhb.bullied_by_contractor",,"bullied.*contractor","e04_08 who bullied or harassed you? (% selecting 'a contractor' of those who ticked at least one e04 option) [notes 8, 9]"
"dhb.bullied_by_different_area",,"bullied.*(another.part|different.area)","e04_02 who bullied or harassed you? (% selecting 'a colleague in a different area, directorate, division of my organisation' of those who ticked at least one e04 option) [notes 8, 9]"
"dhb.bullied_by_my_area",,"bullied.*my.area","e04_01 who bullied or harassed you? (% selecting 'a colleague in my area, directorate or division' of those who ticked at least one e04 option) [notes 8, 9]"
"dhb.bullied_by_my_manager",,"bullied.*(my|your).manager","e04_03 who bullied or harassed you? (% selecting 'my manager' of those who ticked at least one e04 option) [notes 8, 9]"
"dhb.bullied_by_noncs_organisation",,"bullied.*non.*civil.service.organisation","e04_07 who bullied or harassed you? (% selecting 'someone working for a non-civil service organisation' of those who ticked at least one e04 option) [notes 8, 9]"
"dhb.bullied_by_other_manager",,"bullied.*another.manager","e04. who were you bullied or harassed by at work in the past 12 months? (asked only of those that said ""yes"" to question e03, multiple selection was allowed therefore the result is shown as a proportion of those who said yes to e03 and may sum to more than 100%)another manager in your part of [your organisation]"
"dhb.bullied_by_othercs_organisation",,"bullied.*different.civil.service.organisation","e04_06 who bullied or harassed you? (% selecting 'someone working in a different civil service organisation' of those who ticked at least one e04 option) [notes 8, 9]"
"dhb.bullied_by_pnts",,"who.*bullied.*prefer.not","e04_12 who bullied or harassed you? (% selecting 'prefer not to say' of those who ticked at least one e04 option) [notes 8, 9]"
"dhb.bullied_by_public",,"bullied.*public","e04_10 who bullied or harassed you? (% selecting 'a member of the public' of those who ticked at least one e04 option) [notes 8, 9]"
"dhb.bullied_by_senior_manager",,"bullied.*senior","e04_04 who bullied or harassed you? (% selecting 'another senior member of staff in my organisation' of those who ticked at least one e04 option) [notes 8, 9]"
"dhb.bullied_by_someone_else",,"bullied.*some(one|thing).else","e04_11 who bullied or harassed you? (% selecting 'someone else not listed here' of those who ticked at least one e04 option) [notes 8, 9]"
"dhb.bullied_by_someone_manage",,"bullied.*someone.*manage","e04_05 who bullied or harassed you? (% selecting 'someone i manage' of those who ticked at least one e04 option) [notes 8, 9]"
"dhb.bullied_by_user",,"bullied.*user","e04_09 who bullied or harassed you? (% selecting 'a service user (for example, customer, claimant, offender)' of those who ticked at least one e04 option) [notes 8, 9]"
"dhb.bullying_has_stopped",,"has.*bullying.*stopped|bullying.*has.stopped","e06_b_no has the bullying and harassment stopped? (% selecting 'no') [note 5]"
"dhb.bullying_nature_aggression",,"nature.*aggression","e03a_04 how would you describe the nature of the bullying and or harassment you experienced? (% selecting 'intimidation, or verbal or written aggression (for example, shouting, making threats, sending aggressive emails)' of those who ticked at least one e03a option) [notes 8, 9]"
"dhb.bullying_nature_appearance",,"nature.*appearance","e03a_01 how would you describe the nature of the bullying and or harassment you experienced? (% selecting 'comments about my personal appearance or accent' of those who ticked at least one e03a option) [notes 8, 9]"
"dhb.bullying_nature_assault",,"nature.*physical.assault","e03a_05 how would you describe the nature of the bullying and or harassment you experienced? (% selecting 'physical assault (for example, object thrown at me, pushed, hit)' of those who ticked at least one e03a option) [notes 8, 9]"
"dhb.bullying_nature_denied_caring",,"nature.*denied.*caring","e03a_13 how would you describe the nature of the bullying and or harassment you experienced? (% selecting 'denied time off for family or caring responsibilities' of those who ticked at least one e03a option) [notes 8, 9]"
"dhb.bullying_nature_denied_illness",,"nature.*denied.*ill.health","e03a_12 how would you describe the nature of the bullying and or harassment you experienced? (% selecting 'denied time off for personal ill health' of those who ticked at least one e03a option) [notes 8, 9]"
"dhb.bullying_nature_gossip",,"nature.*gossip","e03a_03 how would you describe the nature of the bullying and or harassment you experienced? (% selecting 'spreading gossip or making false accusations about me' of those who ticked at least one e03a option) [notes 8, 9]"
"dhb.bullying_nature_health_comments",,"nature.*comments.*health","e03a_15 how would you describe the nature of the bullying and or harassment you experienced? (% selecting 'unhelpful comments about my mental health or being off sick' of those who ticked at least one e03a option) [notes 8, 9]"
"dhb.bullying_nature_humiliated",,"nature.*humiliated","e03a_06 how would you describe the nature of the bullying and or harassment you experienced? (% selecting 'humiliated in front of team or others' of those who ticked at least one e03a option) [notes 8, 9]"
"dhb.bullying_nature_ignored",,"nature.*ignored","e03a_10 how would you describe the nature of the bullying and or harassment you experienced? (% selecting 'ignored, excluded, marginalised' of those who ticked at least one e03a option) [notes 8, 9]"
"dhb.bullying_nature_job_criticism",,"nature.*job.*criticism","e03a_08 how would you describe the nature of the bullying and or harassment you experienced? (% selecting 'removal of job responsibilities, unconstructive criticism, or changing expectations' of those who ticked at least one e03a option) [notes 8, 9]"
"dhb.bullying_nature_micromanagement",,"nature.*micromanagement","e03a_07 how would you describe the nature of the bullying and or harassment you experienced? (% selecting 'negative micromanagement (for example, excessive control, made to feel incompetent)' of those who ticked at least one e03a option) [notes 8, 9]"
"dhb.bullying_nature_personal_details",,"nature.*disclosure","e03a_14 how would you describe the nature of the bullying and or harassment you experienced? (% selecting 'disclosure of personal or sensitive information to colleagues without my consent' of those who ticked at least one e03a option) [notes 8, 9]"
"dhb.bullying_nature_pnts",,"nature.*prefer.not","e03a_17 how would you describe the nature of the bullying and or harassment you experienced? (% selecting 'prefer not to say' of those who ticked at least one e03a option) [notes 8, 9]"
"dhb.bullying_nature_sexual_harassment",,"nature.*sexual.harassment","e03a_02 how would you describe the nature of the bullying and or harassment you experienced? (% selecting 'sexual harassment (for example, sexual comments or jokes, unwelcome sexual advances, touching or assault)' of those who ticked at least one e03a option) [notes 8, 9]"
"dhb.bullying_nature_something_else",,"nature.*something.else","e03a_16 how would you describe the nature of the bullying and or harassment you experienced? (% selecting 'something else not listed here' of those who ticked at least one e03a option) [notes 8, 9]"
"dhb.bullying_nature_undermining",,"nature.*undermining","e03a_11 how would you describe the nature of the bullying and or harassment you experienced? (% selecting 'undermining or taking credit for my work' of those who ticked at least one e03a option) [notes 8, 9]"
"dhb.bullying_nature_unfavourable",,"nature.*less.favourably","e03a_09 how would you describe the nature of the bullying and or harassment you experienced? (% selecting 'treated less favourably to others' of those who ticked at least one e03a option) [notes 8, 9]"
"dhb.bullying_resolved",,"issue.*resolved","e06. in your opinion, has this issue been resolved?"
"dhb.culture_continue",,"culture.*allow.*continue","does the culture where you work allow this kind of behaviour to continue? (% selecting 'no')"
"dhb.discrimination_age",,"grounds.*(\b|_)age","e02_01 on which of the following grounds were you discriminated against? (% selecting 'age' of those who ticked at least one e02 option) [notes 7, 9]"
"dhb.discrimination_caring",,"grounds.*(\b|_)caring","e02_02 on which of the following grounds were you discriminated against? (% selecting 'caring responsibilities' of those who ticked at least one e02 option) [notes 7, 9]"
"dhb.discrimination_disability",,"grounds.*(\b|_)disability","e02_03 on which of the following grounds were you discriminated against? (% selecting 'disability' of those who ticked at least one e02 option) [notes 7, 9]"
"dhb.discrimination_ethnicity",,"grounds.*(\b|_)ethnic","e02_04 on which of the following grounds were you discriminated against? (% selecting 'ethnic background' of those who ticked at least one e02 option) [notes 7, 9]"
"dhb.discrimination_gender",,"grounds.*(discrimination|against?)(\s?[:-––_]\s?gender)\s\(|grounds.*'gender'|grounds.*:\sgender$","e02_05 on which of the following grounds were you discriminated against? (% selecting 'gender' of those who ticked at least one e02 option) [notes 7, 9]"
"dhb.discrimination_gender_identity",,"grounds.*(\b|_)gender.*perceived","e02_06 on which of the following grounds were you discriminated against? (% selecting 'gender reassignment or perceived gender' of those who ticked at least one e02 option) [notes 7, 9]"
"dhb.discrimination_grade",,"grounds.*(\b|_)grade","e02_07 on which of the following grounds were you discriminated against? (% selecting 'grade or responsibility level' of those who ticked at least one e02 option) [notes 7, 9]"
"dhb.discrimination_language",,"grounds.*(\b|_)language","e02_08 on which of the following grounds were you discriminated against? (% selecting 'main spoken, written language or language ability' of those who ticked at least one e02 option) [notes 7, 9]"
"dhb.discrimination_location",,"grounds.*(\b|_)location","e02_17 on which of the following grounds were you discriminated against? (% selecting 'working location' of those who ticked at least one e02 option) [notes 7, 9]"
"dhb.discrimination_marital_status",,"grounds.*(\b|_)mari?ti?al.status","e02_09 on which of the following grounds were you discriminated against? (% selecting 'marital status or civil partnership' of those who ticked at least one e02 option) [notes 7, 9]"
"dhb.discrimination_mental_health",,"grounds.*(\b|_)mental.health","e02_10 on which of the following grounds were you discriminated against? (% selecting 'mental health' of those who ticked at least one e02 option) [notes 7, 9]"
"dhb.discrimination_other",,"grounds.*(\b|_)other","e02_19 on which of the following grounds were you discriminated against? (% selecting 'any other grounds' of those who ticked at least one e02 option) [notes 7, 9]"
"dhb.discrimination_pattern",,"grounds.*(\b|_)pattern","e02_18 on which of the following grounds were you discriminated against? (% selecting 'working pattern' of those who ticked at least one e02 option) [notes 7, 9]"
"dhb.discrimination_pay",,"grounds.*([:-–—_]\s?pay|'pay)","e02_11 on which of the following grounds were you discriminated against? (% selecting 'pay' of those who ticked at least one e02 option) [notes 7, 9]"
"dhb.discrimination_pnts",,"grounds.*(\b|_)prefer.not","e02_20 on which of the following grounds were you discriminated against? (% selecting 'prefer not to say' of those who ticked at least one e02 option) [notes 7, 9]"
"dhb.discrimination_pregnancy",,"grounds.*(\b|_)pregnancy","e02_12 on which of the following grounds were you discriminated against? (% selecting 'pregnancy, maternity or paternity' of those who ticked at least one e02 option) [notes 7, 9]"
"dhb.discrimination_religion",,"grounds.*(\b|_)religion","e02_13 on which of the following grounds were you discriminated against? (% selecting 'religion or belief' of those who ticked at least one e02 option) [notes 7, 9]"
"dhb.discrimination_sex",,"grounds.*(\b|_)sex\b","e02_14 on which of the following grounds were you discriminated against? (% selecting 'sex' of those who ticked at least one e02 option) [notes 7, 9]"
"dhb.discrimination_sexual_orientation",,"grounds.*(\b|_)sexual.orientation","e02_15 on which of the following grounds were you discriminated against? (% selecting 'sexual orientation' of those who ticked at least one e02 option) [notes 7, 9]"
"dhb.discrimination_social_background",,"grounds.*(\b|_)social","e02_16 on which of the following grounds were you discriminated against? (% selecting 'social or educational background' of those who ticked at least one e02 option) [notes 7, 9]"
"dhb.experienced_bullying",,"(been|experienced).(bull(ied|ying))","e03_no have you been bullied or harassed at work, in the past 12 months? (% selecting 'no')"
"dhb.experienced_discrimination",,"(been|during.*experienced).(discrim)","e01_no have you been discriminated against at work in the last 12 months? (% selecting 'no')"
"dhb.moved_to_avoid",,"moved.*avoid","e. i moved to another team or role to avoid the behaviour"
"dhb.not_reported_action_not_taken",,"(not.report|inaction).*corrective.action","e05b_03 why did you not report your experience of bullying and harassment? (% selecting 'i did not believe that corrective action would be taken' of those who ticked at least one e05b option) [notes 8, 9]"
"dhb.not_reported_behaviour_stopped",,"(not.report|inaction).*behaviour.stopped","e05b_05 why did you not report your experience of bullying and harassment? (% selecting 'the behaviour stopped before i could report it' of those who ticked at least one e05b option) [notes 8, 9]"
"dhb.not_reported_jeopardise_job",,"(not.report|inaction).*jeopardise.*job","e05b_01 why did you not report your experience of bullying and harassment? (% selecting 'i felt i might jeopardise my job' of those who ticked at least one e05b option) [notes 8, 9]"
"dhb.not_reported_not_know_how",,"(not.report|inaction).*not.know","e05b_04 why did you not report your experience of bullying and harassment? (% selecting 'i did not know how to report it or who to speak to' of those who ticked at least one e05b option) [notes 8, 9]"
"dhb.not_reported_other_reason",,"(not.report|inaction).*another.reason","e05b_06 why did you not report your experience of bullying and harassment? (% selecting 'i did not report it for another reason' of those who ticked at least one e05b option) [notes 8, 9]"
"dhb.not_reported_troublemaker",,"(not.report|inaction).*troublemaker","e05b_02 why did you not report your experience of bullying and harassment? (% selecting 'i did not want to be seen as a troublemaker' of those who ticked at least one e05b option) [notes 8, 9]"
"dhb.punished_reporting",,"punished.*reporting","did you feel like you were punished for reporting the incident? (% selecting 'no')"
"dhb.reported_another_way",,"report.*another.way(\s\(|')","e05a_04 how did you report your experience of bullying and harassment? (% selecting 'in another way' of those who ticked at least one e05a option) [notes 8, 9]"
"dhb.reported_bullying",,"(^|^e\d+_\w+\.?\s|^e05[:.]\s)did.you.report","did you report your experience of bullying and harassment? (% selecting 'no')"
"dhb.reported_complaint",,"report.*complaint","e05a_01 how did you report your experience of bullying and harassment? (% selecting 'i raised a formal complaint' of those who ticked at least one e05a option) [notes 8, 9]"
"dhb.reported_confided",,"report.*confided","e05a_03 how did you report your experience of bullying and harassment? (% selecting 'i confided in someone (for example, a colleague)' of those who ticked at least one e05a option) [notes 8, 9]"
"dhb.reported_less_formal",,"report.*less.formal","e05a_02 how did you report your experience of bullying and harassment? (% selecting 'i reported it in another way, through less formal means' of those who ticked at least one e05a option) [notes 8, 9]"
"dvl.about_devolution",,"know.about.*devolution","b60 i know about the devolution of powers from uk government and parliament to the devolved governments and parliaments or legislatures in scotland, wales and northern ireland (% selecting 'strongly agree' or 'agree') [note 1]"
"dvl.devolution_resources",,"know.*resources.*devolution","b61 i know where to access resources and training on devolution and intergovernmental working (% selecting 'strongly agree' or 'agree') [note 1]"
"eng.organisation_inspires",,"organisation.*inspires","[my organisation] inspires me to do the best in my job (% selecting 'strongly agree' or 'agree')"
"eng.organisation_motivates",,"organisation.*motivates","[my organisation] motivates me to help it achieve its objectives (% selecting 'strongly agree' or 'agree')"
"eng.personal_attachment",,"personal.attachment","b49 i feel a strong personal attachment to [my organisation] (% selecting 'strongly agree' or 'agree')"
"eng.proud_to_tell",,"proud.*tell","b47 i am proud when i tell others i am part of [my organisation] (% selecting 'strongly agree' or 'agree')"
"eng.recommend_organisation",,"recommend.*organisation","b48 i would recommend [my organisation] as a great place to work (% selecting 'strongly agree' or 'agree')"
"ift.respects_differences",,"respects.*differences","b28 i think that [my organisation] respects individual differences (for example, cultures, working styles, backgrounds, ideas, etc.) (% selecting 'strongly agree' or 'agree')"
"ift.treated_fairly",,"treated.fairly","b25 i am treated fairly at work (% selecting 'strongly agree' or 'agree')"
"ift.treated_respect",,"treated.*respect","b26 i am treated with respect by the people i work with (% selecting 'strongly agree' or 'agree')"
"ift.work_valued",,"valued.*work","b27 i feel valued for the work i do (% selecting 'strongly agree' or 'agree')"
"inf.handle_information",,"handle.*information","c01. i know where to go to find out how to handle personal and sensitive information (% strongly agree or agree)"
"inf.information_training",,"training.*information","c02. in the past 12 months have you received training on handling data and procedures to protect personal and sensitive information? (% yes)"
"int.leave_asap",,"i.want.to.leave.*organisation.*as.soon.as.possible|^c01_1","c01_1 which of the following statements most reflects your current thoughts about working for [my organisation]? (% selecting 'i want to leave my organisation as soon as possible')"
"int.leave_next_12m",,"i.want.to.leave.*organisation.*next.*months|^c01_2","c01_2 which of the following statements most reflects your current thoughts about working for [my organisation]? (% selecting 'i want to leave my organisation within the next 12 months')"
"int.stay_next_year",,"i.want.to.stay.*organisation.*next.year|^c01_3","c01_3 which of the following statements most reflects your current thoughts about working for [my organisation]? (% selecting 'i want to stay working for my organisation for at least the next year')"
"int.stay_three_years",,"i.want.to.stay.*organisation.*three.years|^c01_4","c01_4 which of the following statements most reflects your current thoughts about working for [my organisation]? (% selecting 'i want to stay working for my organisation for at least the next three years')"
"int.why_leave_better_balance",,"why.*leave.*better.*balance","c02_07 why do you want to leave [my organisation] immediately or within the next 12 months? (% selecting 'for a better work-life balance' of those who ticked at least one c02 option) [notes 7, 9]"
"int.why_leave_better_pay",,"why.*leave.*better.*pay","c02_04 why do you want to leave [my organisation] immediately or within the next 12 months? (% selecting 'for a better pay and benefit package' of those who ticked at least one c02 option) [notes 7, 9]"
"int.why_leave_end_contract",,"why.*leave.*end.*contract","c02_01 why do you want to leave [my organisation] immediately or within the next 12 months? (% selecting 'end of my current contract or loan' of those who ticked at least one c02 option) [notes 7, 9]"
"int.why_leave_external_promotion",,"why.*leave.*promotion.*outside","c02_03 why do you want to leave [my organisation] immediately or within the next 12 months? (% selecting 'a promotion or career progression outside of the civil service' of those who ticked at least one c02 option) [notes 7, 9]"
"int.why_leave_interesting_work",,"why.*leave.*interesting.work","c02_05 why do you want to leave [my organisation] immediately or within the next 12 months? (% selecting 'for more interesting work' of those who ticked at least one c02 option) [notes 7, 9]"
"int.why_leave_internal_promotion",,"why.*leave.*promotion.*within","c02_02 why do you want to leave [my organisation] immediately or within the next 12 months? (% selecting 'a promotion or career progression within the civil service' of those who ticked at least one c02 option) [notes 7, 9]"
"int.why_leave_lack_inclusion",,"why.*leave.*inclusion","c02_08 why do you want to leave [my organisation] immediately or within the next 12 months? (% selecting 'lack of inclusion and fair treatment' of those who ticked at least one c02 option) [notes 7, 9]"
"int.why_leave_organisational_culture",,"why.*leave.*organisational.culture","c02_09 why do you want to leave [my organisation] immediately or within the next 12 months? (% selecting 'don’t like organisational culture' of those who ticked at least one c02 option) [notes 7, 9]"
"int.why_leave_other",,"why.*leave.*other","c02_16 why do you want to leave [my organisation] immediately or within the next 12 months? (% selecting 'other' of those who ticked at least one c02 option) [notes 7, 9]"
"int.why_leave_personal",,"why.*leave.*personal","c02_13 why do you want to leave [my organisation] immediately or within the next 12 months? (% selecting 'personal circumstances (for example, caring responsibilities, ill health)' of those who ticked at least one c02 option) [notes 7, 9]"
"int.why_leave_poor_leadership",,"why.*leave.*poor.leadership","c02_12 why do you want to leave [my organisation] immediately or within the next 12 months? (% selecting 'due to poor leadership' of those who ticked at least one c02 option) [notes 7, 9]"
"int.why_leave_poor_management",,"why.*leave.*poor.*management","c02_10 why do you want to leave [my organisation] immediately or within the next 12 months? (% selecting 'due to poor line management' of those who ticked at least one c02 option) [notes 7, 9]"
"int.why_leave_retiring",,"why.*leave.*retiring","c02_14 why do you want to leave [my organisation] immediately or within the next 12 months? (% selecting 'retiring' of those who ticked at least one c02 option) [notes 7, 9]"
"int.why_leave_want_change",,"why.*leave.*want.*change","c02_15 why do you want to leave [my organisation] immediately or within the next 12 months? (% selecting 'just want a change' of those who ticked at least one c02 option) [notes 7, 9]"
"int.why_leave_work_relationships",,"why.*leave.*work.relationships","c02_11 why do you want to leave [my organisation] immediately or within the next 12 months? (% selecting 'due to poor work relationships' of those who ticked at least one c02 option) [notes 7, 9]"
"int.why_leave_workload",,"why.*leave.*workload","c02_06 why do you want to leave [my organisation] immediately or within the next 12 months? (% selecting 'due to unmanageable workload' of those who ticked at least one c02 option) [notes 7, 9]"
"ldv.access_learning",,"access.*learning","b21 i am able to access the right learning and development opportunities when i need to (% selecting 'strongly agree' or 'agree')"
"ldv.helping_career",,"learning.*completed.*career","b24 learning and development activities i have completed while working for [my organisation] are helping me to develop my career (% selecting 'strongly agree' or 'agree')"
"ldv.improve_performance",,"learning.*completed.*performance","b22 learning and development activities i have completed in the past 12 months have helped to improve my performance (% selecting 'strongly agree' or 'agree')"
"ldv.opportunities_career",,"opportunities.*develop.*career","b23 there are opportunities for me to develop my career in [my organisation] (% selecting 'strongly agree' or 'agree')"
"lmc.change_for_better",,"changes.*better","b43 when changes are made in [my organisation] they are usually for the better (% selecting 'strongly agree' or 'agree')"
"lmc.change_managed_well",,"change.*well","b42 i feel that change is managed well in [my organisation] (% selecting 'strongly agree' or 'agree')"
"lmc.clear_vision",,"clear.vision","b40 i believe that [my organisation]'s senior leaders have a clear vision for the future of [my organisation] (% selecting 'strongly agree' or 'agree')"
"lmc.confidence_seniors",,"confidence.*senior","b41 overall, i have confidence in the decisions made by [my organisation]'s senior managers (% selecting 'strongly agree' or 'agree')"
"lmc.contribute_views",,"contribute.*views","b45 i have the opportunity to contribute my views before decisions are made that affect me (% selecting 'strongly agree' or 'agree')"
"lmc.kept_informed",,"organisation.*informed","[my organisation] keeps me informed about matters that affect me (% selecting 'strongly agree' or 'agree')"
"lmc.organisation_managed_well",,"organisation.*managed.well","b40. i feel that [my organisation] as a whole is managed well"
"lmc.safe_to_challenge",,"safe.to.challenge","b46 i think it is safe to challenge the way things are done in [my organisation] (% selecting 'strongly agree' or 'agree')"
"lmc.seniors_consistent_values",,"senior.*consistent.*values","b39 i believe the actions of senior managers are consistent with [my organisation]'s values (% selecting 'strongly agree' or 'agree')"
"lmc.seniors_visible",,"senior.*visible","b38 senior managers in [my organisation] are sufficiently visible (% selecting 'strongly agree' or 'agree')"
"meta.response_count",,"^count$|^number.*responses$","count"
"meta.response_rate",,"response.rate","survey response rate (%)"
"mgr.confidence_manger",,"confidence.*my.manager","b12 overall, i have confidence in the decisions made by my manager (% selecting 'strongly agree' or 'agree')"
"mgr.feedback_helps",,"feedback.*helps","b15 the feedback i receive helps me to improve my performance (% selecting 'strongly agree' or 'agree')"
"mgr.management_standards",,"management.standards","b16a have you heard of the civil service line management standards? (% selecting 'yes') [note 1]"
"mgr.manager_considerate",,"manager.*considerate","b09 my manager is considerate of my life outside work (% selecting 'strongly agree' or 'agree')"
"mgr.manager_motivates",,"manager.motivates","b08 my manager motivates me to be more effective in my job (% selecting 'strongly agree' or 'agree')"
"mgr.manager_open",,"manager.*open","b10 my manager is open to my ideas (% selecting 'strongly agree' or 'agree')"
"mgr.manager_recognises",,"manager.recognises","b13 my manager recognises when i have done my job well (% selecting 'strongly agree' or 'agree')"
"mgr.performance_fairly",,"performance.*fairly","b16 i think that my performance is evaluated fairly (% selecting 'strongly agree' or 'agree')"
"mgr.poor_performance",,"poor.performance","b17. poor performance is dealt with effectively in my team (% strongly agree or agree)"
"mgr.regular_feedback",,"regular.feedback","b14 i receive regular feedback on my performance (% selecting 'strongly agree' or 'agree')"
"mgr.understand_contribution",,"manager.helps","b11 my manager helps me to understand how i contribute to [my organisation]'s objectives (% selecting 'strongly agree' or 'agree')"
"mwk.challenging_work",,"challenged.*work","b02 i am sufficiently challenged by my work (% selecting 'strongly agree' or 'agree')"
"mwk.choice_how",,"choice.*how","b05 i have a choice in deciding how i do my work (% selecting 'strongly agree' or 'agree')"
"mwk.interested_work",,"interested.*work","b01 i am interested in my work (% selecting 'strongly agree' or 'agree')"
"mwk.involved_decisions",,"involved.*decisions","b04 i feel involved in the decisions that affect my work (% selecting 'strongly agree' or 'agree')"
"mwk.personal_accomplishment",,"work.*accomplishment","b03 my work gives me a sense of personal accomplishment (% selecting 'strongly agree' or 'agree')"
"obj.contribute_toward_objectives",,"contributes.*objectives","b07 i understand how my work contributes to [my organisation]'s objectives (% selecting 'strongly agree' or 'agree')"
"obj.understanding_objectives",,"understanding.*objectives","b06 i have a clear understanding of [my organisation]'s objectives (% selecting 'strongly agree' or 'agree')"
"obj.understanding_purpose",,"understanding.*purpose","b06. i have a clear understanding of [my organisation's] purpose 3"
"pay.aware_benefits",,"aware.*benefits","b37a i am fully aware of the benefits available in [my organisation], in addition to pay (% selecting 'strongly agree' or 'agree')"
"pay.money_worries",,"money.worries","b37b over the last 12 months money worries have affected my ability to do my job (% selecting 'seldom' or 'never')"
"pay.pay_reasonable",,"pay.*reasonable","b37 compared to people doing a similar job in other organisations i feel my pay is reasonable (% selecting 'strongly agree' or 'agree')"
"pay.reflects_performance",,"pay.*performance","b35 i feel that my pay adequately reflects my performance (% selecting 'strongly agree' or 'agree')"
"pay.satisfied_benefits",,"satisfied.*benefits","b36 i am satisfied with the total benefits package (e.g. base pay, benefits and pension) (% selecting 'strongly agree' or 'agree') [note 2]"
"rwk.acceptable_workload",,"acceptable.workload","b33 i have an acceptable workload (% selecting 'strongly agree' or 'agree')"
"rwk.clear_expectations",,"clear.*expected","b30. in my job, i am clear what is expected of me"
"rwk.information_needed",,"get.*information","b29 i get the information i need to do my job well (% selecting 'strongly agree' or 'agree')"
"rwk.skills_needed",,"skills.*need","b31 i have the skills i need to do my job effectively (% selecting 'strongly agree' or 'agree')"
"rwk.tools_needed",,"tools.*need","b32 i have the tools i need to do my job effectively (% selecting 'strongly agree' or 'agree')"
"rwk.work_life_balance",,"good.balance","b34 i achieve a good balance between my work life and my private life (% selecting 'strongly agree' or 'agree')"
"rwk.work_objectives",,"work.objectives","b30 i have clear work objectives (% selecting 'strongly agree' or 'agree')"
"tpl.achieve_vision",,"contribute.*become|help.*vision","b59a i understand how i can help achieve the vision for 'a modern civil service' (% selecting 'strongly agree' or 'agree')"
"tpl.aware_vision",,"aware.*vision","b59 i am aware of the civil service vision for 'a modern civil service' (% selecting 'strongly agree' or 'agree')"
"tpl.challenge_inappropriate",,"challenge.*behaviour","b57 i feel able to challenge inappropriate behaviour in the workplace (% selecting 'strongly agree' or 'agree')"
"tpl.choice_where",,"choice.*where","b59e i have a choice in deciding where i do my work (usual workplace or base, another workplace, home) (% selecting 'strongly agree' or 'agree')"
"tpl.collaborate_goals",,"collaborate.*goals","b59c how often do you collaborate with civil servants in other government departments and agencies to achieve common goals? (% selecting 'often or always' or 'some of the time')"
"tpl.consider_public",,"consider.*public","b59d i consider how my work impacts upon the public in the course of carrying out my duties (% selecting 'often or always' or 'some of the time')"
"tpl.efficiency_priority",,"efficiency.*priority","b59h efficiency is pursued as a priority in [my organisation] (% selecting 'strongly agree' or 'agree')"
"tpl.good_friendships",,"good.friendships","b61. i have some really good friendships at work"
"tpl.how_productive",,"how.productive","b59g over the last month, roughly how productive have you been? (% selecting '90 to 100% productive')"
"tpl.manager_empowers",,"manager.empowers","b67 my manager empowers me to do my job effectively"
"tpl.manager_inspires",,"manager.inspires","b63 my manager inspires my team to do our best"
"tpl.manager_leads",,"manager.*leads.*team","b65 my manager leads our team with confidence"
"tpl.manager_trusts",,"manager.trusts","b59f my manager trusts me to do my job effectively, even if i am not working from the same location as them (% selecting 'strongly agree' or 'agree')"
"tpl.managers_role_model",,"managers.*area.*role.model","b60. managers in my area, directorate or division actively role model the behaviours set out in the civil service leadership statement (% always or most of the time)"
"tpl.organisation_inclusive",,"organisation.*inclusive","[my organisation] is committed to creating a diverse and inclusive workplace (% selecting 'strongly agree' or 'agree')"
"tpl.organisation_we_they",,"organisation.*we.*they","b60. when i talk about [my organisation] i say ""we"" rather than ""they"
"tpl.performance_things_done",,"performance.*things.done","b60. my performance is evaluated based on whether i get things done, rather than solely follow process"
"tpl.reform_improving",,"reform.*improving","b59i. civil service reform is improving the way i work in my local area (% selecting 'strongly agree' or 'agree')"
"tpl.senior_lead_confidence",,"senior.*lead.*confidence","b66 [senior managers] lead [my organisation] with confidence"
"tpl.seniors_empower",,"senior.*empower","b68 [my organisation's senior managers] empower teams to deliver"
"tpl.seniors_inspire",,"senior.*inspire","b64 [senior managers] inspire people across [my organisation] to do their best"
"tpl.seniors_role_model",,"senior.*role.model","b59 [senior managers] in [my organisation] actively role model the behaviours set out in the civil service leadership statement"
"tpl.speak_up_risk",,"speak.up","b56 in [my organisation], people are encouraged to speak up when they identify a serious policy or delivery risk (% selecting 'strongly agree' or 'agree')"
"tpl.supervisor_role_model",,"my.manager.*role.model","b60 my manager actively role models the behaviours set out in the civil service leadership statement"
"tpl.technology_collaborate",,"technology.*collaborate","b59b the technology provided by [my organisation] enables me to easily connect and collaborate with the colleagues that i need to for me to do my job effectively, from any location (% selecting 'strongly agree' or 'agree')"
"tpl.trusted_job",,"trusted.*carry.out","b54 i am trusted to carry out my job effectively (% selecting 'strongly agree' or 'agree')"
"tpl.try_new_ideas",,"new.idea","b55 i believe i would be supported if i try a new idea, even if it may not work (% selecting 'strongly agree' or 'agree')"
"twk.improve_service",,"team.*improve","b19 the people in my team work together to find ways to improve the service we provide (% selecting 'strongly agree' or 'agree')"
"twk.relied_upon",,"team.*relied.upon","b18 the people in my team can be relied upon to help when things get difficult in my job (% selecting 'strongly agree' or 'agree')"
"twk.team_encouraged",,"team.*encouraged","b20 the people in my team are encouraged to come up with new and better ways of doing things (% selecting 'strongly agree' or 'agree')"
"wlb.anxious_yesterday",,"anxious.*yesterday","overall, how anxious did you feel yesterday? (% selecting '6 to 10', where 10 is the most anxious)"
"wlb.discuss_wellbeing",,"discuss.*wellbeing","how often do you discuss your personal wellbeing and or work-related stress with your manager? (% selecting 'weekly' or 'monthly')"
"wlb.feel_lonely",,"feel.lonely","w07. how often do you feel lonely? (% 'often or always')"
"wlb.happy_yesterday",,"happy.*yesterday","overall, how happy did you feel yesterday? (% selecting '7 to 10', where 10 is the most happy)"
"wlb.life_worthwhile",,"life.*worthwhile","overall, to what extent do you feel that things you do in your life are worthwhile? (% selecting '7 to 10', where 10 is the most worthwhile)"
"wlb.long_covid",,"long.covid","cv3 would you describe yourself as having 'long covid', that is, you are still experiencing symptoms more than 4 weeks after you first had covid-19, that are not explained by something else? (% selecting 'yes')"
"wlb.mental_health",,"rate.*mental.health","in general, how would you rate your overall mental health now? (% selecting 'excellent', 'very good' or 'good')"
"wlb.organisation_support",,"organisation.*wellbeing","[my organisation] provides good support for employee health, wellbeing and resilience (% selecting 'strongly agree' or 'agree')"
"wlb.perma_index",,"perma","perma index (high score means high flourishing)"
"wlb.physical_health",,"rate.*physical.health","in general, how would you rate your overall physical health now? (% selecting 'excellent', 'very good' or 'good')"
"wlb.satisfied_life",,"satisfied.*life","overall, how satisfied are you with your life nowadays? (% selecting '7 to 10', where 10 is the most satisfied)"
"wlb.stress_index",,"proxy.stress","hse_index proxy stress index (high score means high stress)"
"wlb.team_care",,"team.*care.*wellbeing","w08. the people in my team genuinely care about my wellbeing (% strongly agree or agree)"
